Brand,Resolution,Size ,Selling Price,Original Price,Operating System,Rating,Brand_LG,Brand_Others,Brand_SAMSUNG,Brand_SONY,Brand_TCL,Resolution_Full HD LED,Resolution_HD LED,Resolution_Ultra HD LED,Operating System_Android,Operating System_not Android,lg_SP,lg_OP,Discount Rate
Others,Ultra HD LED,55,37999,54990,not Android,4.3,0,1,0,0,0,0,0,1,0,1,10.545315122572783,10.91490662950186,0.30898345153664303
TCL,Ultra HD LED,55,52999,129990,Android,4.4,0,0,0,0,1,0,0,1,1,0,10.878028324431728,11.775212803402065,0.5922840218478345
Others,HD LED,32,13999,17999,Android,4.3,0,1,0,0,0,0,1,0,1,0,9.546741177474825,9.798071479779479,0.22223456858714374
Others,HD LED,32,14999,19999,Android,4.4,0,1,0,0,0,0,1,0,1,0,9.61573881119536,9.903437551286085,0.2500125006250313
Others,HD LED,32,12999,21999,Android,4.3,0,1,0,0,0,0,1,0,1,0,9.47262771040802,9.998752276761909,0.409109504977499
Others,HD LED,32,15999,19999,Android,4.3,0,1,0,0,0,0,1,0,1,0,9.680281499268713,9.903437551286085,0.20001000050002501
Others,Full HD LED,43,25999,29999,Android,4.3,0,1,0,0,0,1,0,0,1,0,10.165813354725493,10.308919326755392,0.13333777792593088
TCL,Ultra HD LED,65,57999,119990,Android,4.2,0,0,0,0,1,0,0,1,1,0,10.968181048000611,11.695163684958434,0.5166347195599633
Others,Full HD LED,40,21999,29999,Android,4.3,0,1,0,0,0,1,0,0,1,0,9.998752276761909,10.308919326755392,0.26667555585186176
Others,Ultra HD LED,43,26999,32999,Android,4.3,0,1,0,0,0,0,0,1,1,0,10.203555107263542,10.404232536959167,0.181823691627019
Others,Ultra HD LED,43,27999,34999,Android,4.3,0,1,0,0,0,0,0,1,1,0,10.239924074233857,10.463074768634808,0.20000571444898427
Others,Ultra HD LED,55,36999,49990,Android,4.4,0,1,0,0,0,0,0,1,1,0,10.518646164234097,10.819578264407616,0.25987197439487897
Others,Ultra HD LED,50,35999,41999,Android,4.3,0,1,0,0,0,0,0,1,1,0,10.49124643927466,10.645401087458245,0.1428605442986738
Others,HD LED,32,15499,19999,Android,4.3,0,1,0,0,0,0,1,0,1,0,9.648530784697051,9.903437551286085,0.22501125056252813
Others,HD LED,32,14999,19999,Android,4.3,0,1,0,0,0,0,1,0,1,0,9.61573881119536,9.903437551286085,0.2500125006250313
Others,Ultra HD LED,70,89999,119990,Android,4.4,0,1,0,0,0,0,0,1,1,0,11.407553838139561,11.695163684958434,0.24994582881906827
LG,HD LED,32,17499,21990,not Android,4.4,1,0,0,0,0,0,1,0,0,1,9.769899015421748,9.998343083548807,0.20422919508867668
Others,Full HD LED,43,25999,31999,Android,4.3,0,1,0,0,0,1,0,0,1,0,10.165813354725493,10.373459931293572,0.1875058595581112
Others,Ultra HD LED,55,45999,69999,Android,4.2,0,1,0,0,0,0,0,1,1,0,10.736374936104498,11.156236235215168,0.3428620408862984
Others,Ultra HD LED,43,27999,39990,not Android,4.3,0,1,0,0,0,0,0,1,0,1,10.239924074233857,10.596384701840863,0.2998499624906227
Others,HD LED,32,9999,19999,Android,4.3,0,1,0,0,0,0,1,0,1,0,9.21024036697585,9.903437551286085,0.5000250012500626
Others,Ultra HD LED,43,31999,49999,Android,4.2,0,1,0,0,0,0,0,1,1,0,10.373459931293572,10.81975828421028,0.3600072001440029
Others,Ultra HD LED,55,32999,70990,Android,4.3,0,1,0,0,0,0,0,1,1,0,10.404232536959167,11.170294301033431,0.5351598816734752
TCL,Ultra HD LED,50,33999,62990,Android,4.4,0,0,0,0,1,0,0,1,1,0,10.434086391401058,11.050731262615974,0.4602476583584696
Others,Full HD LED,40,22499,27999,Android,4.3,0,1,0,0,0,1,0,0,1,0,10.021226142760383,10.239924074233857,0.19643558698524946
Others,HD LED,32,10999,36990,Android,4.2,0,1,0,0,0,0,1,0,1,0,9.305559638557117,10.5184028848265,0.7026493646931603
Others,HD LED,32,12499,14990,not Android,4.4,0,1,0,0,0,0,1,0,0,1,9.433403920090221,9.615138591096644,0.16617745163442296
Others,Full HD LED,43,24999,34999,Android,4.3,0,1,0,0,0,1,0,0,1,0,10.126591103050316,10.463074768634808,0.28572244921283463
SAMSUNG,Ultra HD LED,43,38990,54900,not Android,4.3,0,0,1,0,0,0,0,1,0,1,10.571060481976643,10.913268627497622,0.28979963570127504
Others,Ultra HD LED,55,42999,49999,Android,4.3,0,1,0,0,0,0,0,1,1,0,10.668932138591325,10.81975828421028,0.14000280005600113
LG,Full HD LED,43,33490,40990,not Android,4.4,1,0,0,0,0,1,0,0,0,1,10.41900216578825,10.621083413498383,0.18297145645279336
Others,Full HD LED,43,20499,24999,Android,4.2,0,1,0,0,0,1,0,0,1,0,9.928131383448887,10.126591103050316,0.1800072002880115
Others,Ultra HD LED,50,41999,59999,Android,4.2,0,1,0,0,0,0,0,1,1,0,10.645401087458245,11.002083174398681,0.30000500008333475
Others,HD LED,32,11999,17999,Android,4.2,0,1,0,0,0,0,1,0,1,0,9.392578591964389,9.798071479779479,0.3333518528807156
LG,Ultra HD LED,55,52999,79990,not Android,4.4,1,0,0,0,0,0,0,1,0,1,10.878028324431728,11.289656905842868,0.33742967870983875
Others,Ultra HD LED,55,46999,85000,Android,4.4,0,1,0,0,0,0,0,1,1,0,10.757881603870102,11.350406535472453,0.4470705882352941
Others,Ultra HD LED,43,32999,48999,Android,4.4,0,1,0,0,0,0,0,1,1,0,10.404232536959167,10.799555168721248,0.3265372762709443
Others,Ultra HD LED,43,31000,39999,Android,4.4,0,1,0,0,0,0,0,1,1,0,10.341742483467284,10.596609732783568,0.2249806245156129
Others,Ultra HD LED,50,39999,59999,Android,4.4,0,1,0,0,0,0,0,1,1,0,10.596609732783568,11.002083174398681,0.333338888981483
Others,Ultra HD LED,50,32999,40999,Android,4.4,0,1,0,0,0,0,0,1,1,0,10.404232536959167,10.621302955145095,0.19512671040757093
Others,HD LED,24,8499,10499,Android,4.1,0,1,0,0,0,0,1,0,1,0,9.047703788498627,9.259035293514941,0.1904943327935994
Others,Ultra HD LED,55,58999,59999,Android,4.4,0,1,0,0,0,0,0,1,1,0,10.985275773591676,11.002083174398681,0.016666944449074152
Others,Ultra HD LED,55,49999,59999,Android,4.3,0,1,0,0,0,0,0,1,1,0,10.81975828421028,11.002083174398681,0.1666694444907415
Others,Ultra HD LED,50,40999,65000,Android,4.4,0,1,0,0,0,0,0,1,1,0,10.621302955145095,11.082142548877775,0.36924615384615384
LG,Ultra HD LED,43,42990,59990,not Android,4.5,1,0,0,0,0,0,0,1,0,1,10.668722809490328,11.00193316064714,0.2833805634272379
Others,Ultra HD LED,43,24999,47990,Android,4.3,0,1,0,0,0,0,0,1,1,0,10.126591103050316,10.77874793485229,0.4790789747864138
Others,Ultra HD LED,43,31999,45999,Android,4.1,0,1,0,0,0,0,0,1,1,0,10.373459931293572,10.736374936104498,0.3043544424878802
Others,Full HD LED,42,20499,27999,Android,4.3,0,1,0,0,0,1,0,0,1,0,9.928131383448887,10.239924074233857,0.2678667095253402
Others,Ultra HD LED,55,34999,46999,Android,4.2,0,1,0,0,0,0,0,1,1,0,10.463074768634808,10.757881603870102,0.25532458137407177
Others,Full HD LED,43,21999,44990,Android,4.2,0,1,0,0,0,1,0,0,1,0,9.998752276761909,10.714195521835219,0.5110246721493665
Others,Ultra HD LED,55,44999,62999,Android,4.4,0,1,0,0,0,0,0,1,1,0,10.714395546283317,11.050874132231819,0.28571882093366563
SONY,HD LED,32,25490,29900,not Android,4.5,0,0,0,1,0,0,1,0,0,1,10.146041497370161,10.305613759378778,0.14749163879598662
Others,Ultra HD LED,50,31999,42999,Android,4.2,0,1,0,0,0,0,0,1,1,0,10.373459931293572,10.668932138591325,0.2558199027884369
Others,Ultra HD LED,55,36999,47999,Android,4.4,0,1,0,0,0,0,0,1,1,0,10.518646164234097,10.778935456339678,0.229171441071689
Others,Ultra HD LED,43,32999,46999,Android,4.3,0,1,0,0,0,0,0,1,1,0,10.404232536959167,10.757881603870102,0.2978786782697504
Others,Full HD LED,40,19499,21499,Android,4.4,0,1,0,0,0,1,0,0,1,0,9.878118461185586,9.975761701406148,0.09302758267826411
SAMSUNG,HD LED,32,18490,20900,not Android,4.3,0,0,1,0,0,0,1,0,0,1,9.82498532438117,9.947504437952903,0.11531100478468899
LG,Ultra HD LED,50,49999,64990,not Android,4.4,1,0,0,0,0,0,0,1,0,1,10.81975828421028,11.081988690888394,0.23066625634713034
Others,Ultra HD LED,55,35999,106990,Android,4.3,0,1,0,0,0,0,0,1,1,0,10.49124643927466,11.580490651132653,0.6635293018039069
Others,HD LED,32,11999,14499,Android,4.4,0,1,0,0,0,0,1,0,1,0,9.392578591964389,9.581834960513193,0.1724256845299676
Others,Ultra HD LED,50,45999,59999,Android,4.3,0,1,0,0,0,0,0,1,1,0,10.736374936104498,11.002083174398681,0.23333722228703813
Others,Full HD LED,40,24999,39999,Android,4.4,0,1,0,0,0,1,0,0,1,0,10.126591103050316,10.596609732783568,0.3750093752343809
Others,HD LED,32,12999,18499,Android,4.4,0,1,0,0,0,0,1,0,1,0,9.47262771040802,9.82547195555139,0.29731336829017785
SAMSUNG,Ultra HD LED,50,51990,71400,not Android,4.3,0,0,1,0,0,0,0,1,0,1,10.858806671377762,11.176053148327675,0.2718487394957983
Others,HD LED,32,20999,29999,Android,4.4,0,1,0,0,0,0,1,0,1,0,9.952230096524119,10.308919326755392,0.30001000033334446
TCL,Ultra HD LED,50,45999,109990,Android,4.4,0,0,0,0,1,0,0,1,1,0,10.736374936104498,11.608144731551162,0.5817892535685062
SONY,Full HD LED,43,43490,44900,not Android,4.5,0,0,0,1,0,1,0,0,0,1,10.680286305591684,10.712193073730345,0.031403118040089086
Others,Ultra HD LED,58,45999,89990,Android,4.2,0,1,0,0,0,0,0,1,1,0,10.736374936104498,11.407453832027993,0.4888432048005334
Others,Ultra HD LED,55,34999,73990,Android,4.3,0,1,0,0,0,0,0,1,1,0,10.463074768634808,11.211685227919597,0.5269766184619543
Others,Ultra HD LED,50,38999,69990,not Android,4.2,0,1,0,0,0,0,0,1,0,1,10.571291283757406,11.156107653683586,0.4427918274039149
Others,Ultra HD LED,55,54999,79999,Android,4.2,0,1,0,0,0,0,0,1,1,0,10.915070282231135,11.289769413577893,0.31250390629882874
SONY,Full HD LED,49,44999,69900,Android,4.5,0,0,0,1,0,1,0,0,1,0,10.714395546283317,11.154820928221902,0.35623748211731043
Others,Full HD LED,40,19499,20999,Android,4.4,0,1,0,0,0,1,0,0,1,0,9.878118461185586,9.952230096524119,0.07143197295109291
Others,Full HD LED,42,20499,27999,Android,4.4,0,1,0,0,0,1,0,0,1,0,9.928131383448887,10.239924074233857,0.2678667095253402
Others,Ultra HD LED,50,39999,54999,Android,4.3,0,1,0,0,0,0,0,1,1,0,10.596609732783568,10.915070282231135,0.2727322314951181
Others,HD LED,32,13999,19990,Android,3.9,0,1,0,0,0,0,1,0,1,0,9.546741177474825,9.902987427494446,0.29969984992496246
TCL,Full HD LED,55,41999,109990,Android,4.3,0,0,0,0,1,1,0,0,1,0,10.645401087458245,11.608144731551162,0.6181561960178198
SAMSUNG,HD LED,32,16290,16400,not Android,4.3,0,0,1,0,0,0,1,0,0,1,9.69830670159609,9.70503661381229,0.006707317073170732
TCL,Ultra HD LED,43,29999,51990,not Android,4.4,0,0,0,0,1,0,0,1,0,1,10.308919326755392,10.858806671377762,0.42298518945951147
Others,Full HD LED,42,20999,29999,Android,4.4,0,1,0,0,0,1,0,0,1,0,9.952230096524119,10.308919326755392,0.30001000033334446
Others,Full HD LED,43,29999,44990,Android,4.2,0,1,0,0,0,1,0,0,1,0,10.308919326755392,10.714195521835219,0.3332073794176484
Others,Ultra HD LED,55,39999,59999,Android,4.3,0,1,0,0,0,0,0,1,1,0,10.596609732783568,11.002083174398681,0.333338888981483
Others,Ultra HD LED,55,46999,59990,Android,4.5,0,1,0,0,0,0,0,1,1,0,10.757881603870102,11.00193316064714,0.21655275879313218
Others,Ultra HD LED,50,39999,42999,Android,4.3,0,1,0,0,0,0,0,1,1,0,10.596609732783568,10.668932138591325,0.06976906439684644
SAMSUNG,Ultra HD LED,55,76999,129900,not Android,4.5,0,0,1,0,0,0,0,1,0,1,11.251547713738502,11.77452020265869,0.40724403387220937
Others,HD LED,32,16499,19999,Android,4.3,0,1,0,0,0,0,1,0,1,0,9.711055051991444,9.903437551286085,0.17500875043752187
Others,Ultra HD LED,50,42999,79990,Android,4.0,0,1,0,0,0,0,0,1,1,0,10.668932138591325,11.289656905842868,0.4624453056632079
Others,Full HD LED,43,24999,25999,Android,4.4,0,1,0,0,0,1,0,0,1,0,10.126591103050316,10.165813354725493,0.03846301780837724
Others,Full HD LED,42,21999,29990,Android,3.9,0,1,0,0,0,1,0,0,1,0,9.998752276761909,10.308619271743055,0.2664554851617206
Others,Ultra HD LED,50,34999,44990,Android,3.6,0,1,0,0,0,0,0,1,1,0,10.463074768634808,10.714195521835219,0.22207157146032452
Others,Ultra HD LED,43,25999,37999,Android,4.4,0,1,0,0,0,0,0,1,1,0,10.165813354725493,10.545315122572783,0.31579778415221454
Others,Ultra HD LED,50,35999,54999,Android,4.3,0,1,0,0,0,0,0,1,1,0,10.49124643927466,10.915070282231135,0.34546082656048294
Others,Full HD LED,42,18999,48990,Android,4.2,0,1,0,0,0,1,0,0,1,0,9.85214162518454,10.79937147463262,0.6121861604409063
Others,Ultra HD LED,50,34499,47999,Android,4.7,0,1,0,0,0,0,0,1,1,0,10.448685617092117,10.778935456339678,0.2812558594970729
SAMSUNG,Ultra HD LED,55,55990,76900,not Android,4.3,0,0,1,0,0,0,0,1,0,1,10.932928382342938,11.250261155493735,0.2719115734720416
Others,Ultra HD LED,55,44999,126990,Android,4.3,0,1,0,0,0,0,0,1,1,0,10.714395546283317,11.751863622183079,0.6456492637215528
Others,Ultra HD LED,65,53999,70499,Android,4.4,0,1,0,0,0,0,0,1,1,0,10.896720806856424,11.163353804302597,0.23404587299110627
SAMSUNG,Full HD LED,32,20880,24275,not Android,4.2,0,0,1,0,0,1,0,0,0,1,9.946547041996576,10.097202293159526,0.13985581874356334
Others,Full HD LED,40,19999,36990,Android,4.3,0,1,0,0,0,1,0,0,1,0,9.903437551286085,10.5184028848265,0.4593403622600703
Others,Ultra HD LED,43,28999,41999,Android,4.7,0,1,0,0,0,0,0,1,1,0,10.275016625615446,10.645401087458245,0.3095311793137932
Others,Ultra HD LED,43,22999,29999,Android,4.3,0,1,0,0,0,0,0,1,1,0,10.043206015705211,10.308919326755392,0.23334111137037902
Others,HD LED,32,8699,16999,Android,3.8,0,1,0,0,0,0,1,0,1,0,9.07096335550754,9.74090979777877,0.48826401553032533
LG,Ultra HD LED,55,57999,89990,not Android,4.5,1,0,0,0,0,0,0,1,0,1,10.968181048000611,11.407453832027993,0.3554950550061118
SONY,Ultra HD LED,43,44999,66900,not Android,4.5,0,0,0,1,0,0,0,1,0,1,10.714395546283317,11.11095424611632,0.3273692077727952
SAMSUNG,Ultra HD LED,50,84999,119900,not Android,4.8,0,0,1,0,0,0,0,1,0,1,11.350394770697367,11.694413341015606,0.2910842368640534
TCL,Ultra HD LED,55,39999,75990,Android,4.4,0,0,0,0,1,0,0,1,1,0,10.596609732783568,11.238357031663831,0.4736281089617055
Others,Ultra HD LED,58,38999,59990,Android,4.0,0,1,0,0,0,0,0,1,1,0,10.571291283757406,11.00193316064714,0.3499083180530088
Others,Ultra HD LED,43,27999,37999,Android,4.4,0,1,0,0,0,0,0,1,1,0,10.239924074233857,10.545315122572783,0.26316482012684544
SAMSUNG,Ultra HD LED,50,68999,112900,not Android,4.5,0,0,1,0,0,0,0,1,0,1,11.141847290720753,11.634257750137753,0.38884853852967227
Others,Ultra HD LED,65,56999,75000,Android,4.4,0,1,0,0,0,0,0,1,1,0,10.950789002803143,11.225243392518447,0.24001333333333333
TCL,HD LED,32,16499,29990,Android,4.2,0,0,0,0,1,0,1,0,1,0,9.711055051991444,10.308619271743055,0.4498499499833278
Others,Ultra HD LED,43,29990,36990,Android,4.3,0,1,0,0,0,0,0,1,1,0,10.308619271743055,10.5184028848265,0.1892403352257367
Others,Ultra HD LED,55,34499,39990,Android,4.3,0,1,0,0,0,0,0,1,1,0,10.448685617092117,10.596384701840863,0.13730932733183296
SONY,Full HD LED,43,44900,44900,not Android,4.6,0,0,0,1,0,1,0,0,0,1,10.712193073730345,10.712193073730345,0.0
Others,Ultra HD LED,55,39999,55999,Android,4.7,0,1,0,0,0,0,0,1,1,0,10.596609732783568,10.933089112414988,0.28571938784621154
Others,HD LED,32,11999,14990,Android,4.1,0,1,0,0,0,0,1,0,1,0,9.392578591964389,9.615138591096644,0.19953302201467646
Others,Ultra HD LED,43,30999,36990,Android,4.4,0,1,0,0,0,0,0,1,1,0,10.341710224882465,10.5184028848265,0.16196269261962692
SAMSUNG,Full HD LED,43,32999,53900,not Android,4.4,0,0,1,0,0,1,0,0,0,1,10.404232536959167,10.89488575689709,0.38777365491651206
SAMSUNG,Full HD LED,43,36580,39900,not Android,4.3,0,0,1,0,0,1,0,0,0,1,10.507256921944856,10.594131602877955,0.08320802005012531
Others,HD LED,24,8499,10499,Android,4.0,0,1,0,0,0,0,1,0,1,0,9.047703788498627,9.259035293514941,0.1904943327935994
Others,Ultra HD LED,55,34999,46999,Android,4.3,0,1,0,0,0,0,0,1,1,0,10.463074768634808,10.757881603870102,0.25532458137407177
SONY,Ultra HD LED,43,56720,72900,not Android,4.8,0,0,0,1,0,0,0,1,0,1,10.94588216120601,11.19684391799675,0.22194787379972566
Others,HD LED,32,17999,21799,Android,4.3,0,1,0,0,0,0,1,0,1,0,9.798071479779479,9.989619376165415,0.1743199229322446
Others,Ultra HD LED,50,37999,42990,Android,4.2,0,1,0,0,0,0,0,1,1,0,10.545315122572783,10.668722809490328,0.1160967666899279
Others,Ultra HD LED,55,55999,63999,Android,4.3,0,1,0,0,0,0,0,1,1,0,10.933089112414988,11.066622737219737,0.12500195315551804
TCL,Full HD LED,65,63999,159990,Android,4.3,0,0,0,0,1,1,0,0,1,0,11.066622737219737,11.982866592262758,0.5999812488280517
Others,Ultra HD LED,43,23999,54990,Android,4.3,0,1,0,0,0,0,0,1,1,0,10.085767441795337,10.91490662950186,0.563575195490089
LG,Ultra HD LED,55,65999,109990,not Android,4.5,1,0,0,0,0,0,0,1,0,1,11.097394869378626,11.608144731551162,0.39995454132193836
Others,Ultra HD LED,50,31499,64990,Android,4.3,0,1,0,0,0,0,0,1,1,0,10.357711078278063,11.081988690888394,0.5153254346822588
TCL,Full HD LED,43,27190,47990,Android,4.3,0,0,0,0,1,1,0,0,1,0,10.210604537626516,10.77874793485229,0.4334236299229006
Others,Ultra HD LED,43,30999,36000,Android,4.3,0,1,0,0,0,0,0,1,1,0,10.341710224882465,10.491274217438248,0.13891666666666666
Others,Full HD LED,43,22499,26990,not Android,4.4,0,1,0,0,0,1,0,0,0,1,10.021226142760383,10.20322170601205,0.1663949610967025
Others,Ultra HD LED,58,41999,50990,Android,4.4,0,1,0,0,0,0,0,1,1,0,10.645401087458245,10.839384814049202,0.17632869190037262
Others,Ultra HD LED,65,56999,115399,Android,4.3,0,1,0,0,0,0,0,1,1,0,10.950789002803143,11.656150967507326,0.5060702432430091
LG,HD LED,32,24057,29990,not Android,4.3,1,0,0,0,0,0,1,0,0,1,10.088181293475138,10.308619271743055,0.1978326108702901
SAMSUNG,Ultra HD LED,50,73990,119900,not Android,4.3,0,0,1,0,0,0,0,1,0,1,11.211685227919597,11.694413341015606,0.3829024186822352
Others,Full HD LED,43,26999,39999,Android,4.2,0,1,0,0,0,1,0,0,1,0,10.203555107263542,10.596609732783568,0.3250081252031301
Others,HD LED,32,13299,19900,Android,4.4,0,1,0,0,0,0,1,0,1,0,9.495444123413163,9.898475010712584,0.33170854271356787
Others,Ultra HD LED,50,32999,42999,Android,4.4,0,1,0,0,0,0,0,1,1,0,10.404232536959167,10.668932138591325,0.23256354798948814
Others,HD LED,39,18999,24990,Android,3.5,0,1,0,0,0,0,1,0,1,0,9.85214162518454,10.126231023828998,0.2397358943577431
Others,Ultra HD LED,50,30999,33999,Android,4.3,0,1,0,0,0,0,0,1,1,0,10.341710224882465,10.434086391401058,0.08823788934968675
Others,Ultra HD LED,55,44999,59999,Android,4.1,0,1,0,0,0,0,0,1,1,0,10.714395546283317,11.002083174398681,0.25000416673611225
Others,Ultra HD LED,65,53999,106990,Android,4.3,0,1,0,0,0,0,0,1,1,0,10.896720806856424,11.580490651132653,0.4952892793719039
Others,Ultra HD LED,58,41999,119990,Android,4.2,0,1,0,0,0,0,0,1,1,0,10.645401087458245,11.695163684958434,0.6499791649304109
Others,Ultra HD LED,50,36990,45190,Android,4.5,0,1,0,0,0,0,0,1,1,0,10.5184028848265,10.718631102405325,0.1814560743527329
SAMSUNG,Ultra HD LED,43,59990,94900,not Android,4.7,0,0,1,0,0,0,0,1,0,1,11.00193316064714,11.460578984598019,0.3678609062170706
LG,HD LED,32,19890,27990,not Android,4.3,1,0,0,0,0,0,1,0,0,1,9.897972371848018,10.2396025825095,0.28938906752411575
Others,Ultra HD LED,55,52999,59999,Android,4.3,0,1,0,0,0,0,0,1,1,0,10.878028324431728,11.002083174398681,0.11666861114351906
Others,Ultra HD LED,43,35999,49999,Android,4.4,0,1,0,0,0,0,0,1,1,0,10.49124643927466,10.81975828421028,0.28000560011200226
SONY,Full HD LED,43,46799,52900,Android,4.7,0,0,0,1,0,1,0,0,1,0,10.753617114156082,10.876158617846391,0.11533081285444234
TCL,Full HD LED,50,34999,89990,Android,4.3,0,0,0,0,1,1,0,0,1,0,10.463074768634808,11.407453832027993,0.6110790087787532
Others,Ultra HD LED,55,46999,109900,not Android,4.2,0,1,0,0,0,0,0,1,0,1,10.757881603870102,11.607326140391713,0.5723475887170155
SONY,Ultra HD LED,43,67990,74900,not Android,4.7,0,0,0,1,0,0,0,1,0,1,11.127115914520505,11.22390916950531,0.09225634178905207
SAMSUNG,HD LED,32,21600,22900,not Android,4.5,0,0,1,0,0,0,1,0,0,1,9.980448593672257,10.03889218954233,0.056768558951965066
SAMSUNG,Ultra HD LED,65,121990,222900,not Android,4.3,0,0,1,0,0,0,0,1,0,1,11.711694353142784,12.31447851937396,0.4527142216240467
Others,Ultra HD LED,65,66999,79999,Android,4.4,0,1,0,0,0,0,0,1,1,0,11.112432972888584,11.289769413577893,0.16250203127539095
LG,Ultra HD LED,65,83599,119990,not Android,4.4,1,0,0,0,0,0,0,1,0,1,11.333786837278764,11.695163684958434,0.30328360696724727
SAMSUNG,Ultra HD LED,55,128999,169900,not Android,4.6,0,0,1,0,0,0,0,1,0,1,11.767559931375779,12.042965307660024,0.2407357268981754
SONY,Ultra HD LED,49,75099,89900,Android,4.4,0,0,0,1,0,0,0,1,1,0,11.226562522084345,11.406453220459712,0.1646384872080089
SONY,Ultra HD LED,55,73999,99990,not Android,4.5,0,0,0,1,0,0,0,1,0,1,11.211806858581484,11.512825459969894,0.2599359935993599
Others,HD LED,32,10990,20000,Android,4.8,0,1,0,0,0,0,1,0,1,0,9.304741047397666,9.903487552536127,0.4505
SAMSUNG,Ultra HD LED,50,57989,73900,not Android,4.7,0,0,1,0,0,0,0,1,0,1,10.968008616369326,11.210468106936293,0.2153044654939107
LG,Ultra HD LED,65,129999,229900,not Android,5.0,1,0,0,0,0,0,0,1,0,1,11.77528203710044,12.345399710751273,0.43454110482818614
SAMSUNG,Ultra HD LED,55,84990,134900,not Android,4.7,0,0,1,0,0,0,0,1,0,1,11.350288881492672,11.812289042195847,0.36997776130467014
SAMSUNG,Ultra HD LED,43,45400,56900,not Android,4.3,0,0,1,0,0,0,0,1,0,1,10.72326738402944,10.949050620114422,0.20210896309314588
SAMSUNG,HD LED,32,29900,29900,not Android,3.8,0,0,1,0,0,0,1,0,0,1,10.305613759378778,10.305613759378778,0.0
TCL,HD LED,32,14339,22990,Android,4.3,0,0,0,0,1,0,1,0,1,0,9.57073837671504,10.042814617757227,0.3762940408873423
LG,Ultra HD LED,48,89999,169990,not Android,2.7,1,0,0,0,0,0,0,1,0,1,11.407553838139561,12.043494890772815,0.47056297429260546
LG,Ultra HD LED,43,54990,54990,not Android,4.4,1,0,0,0,0,0,0,1,0,1,10.91490662950186,10.91490662950186,0.0
LG,Ultra HD LED,55,64999,93990,not Android,4.3,1,0,0,0,0,0,0,1,0,1,11.082127164144046,11.450943672614347,0.30844770720289394
LG,HD LED,32,28401,30990,not Android,4.4,1,0,0,0,0,0,1,0,0,1,10.254179634797001,10.341419850781794,0.0835430784123911
Others,Full HD LED,43,27490,33990,Android,4.1,0,1,0,0,0,1,0,0,1,0,10.221577581159291,10.433821642690162,0.19123271550456017
LG,Ultra HD LED,55,76197,129990,not Android,4.8,1,0,0,0,0,0,0,1,0,1,11.241077370820976,11.775212803402065,0.413824140318486
Others,Full HD LED,32,17999,23999,Android,4.2,0,1,0,0,0,1,0,0,1,0,9.798071479779479,10.085767441795337,0.25001041710071253
Others,Full HD LED,43,22999,26990,Android,3.9,0,1,0,0,0,1,0,0,1,0,10.043206015705211,10.20322170601205,0.1478695813264172
SAMSUNG,Ultra HD LED,55,159500,244900,not Android,4.4,0,0,1,0,0,0,0,1,0,1,11.979799201207037,12.40860524294026,0.34871376071866067
Others,Full HD LED,43,23990,33000,Android,4.3,0,1,0,0,0,1,0,0,1,0,10.08539235583374,10.404262840448617,0.273030303030303
LG,Ultra HD LED,43,47499,75343,not Android,4.5,1,0,0,0,0,0,0,1,0,1,10.768463937169544,11.229806299938259,0.36956319764278034
TCL,Full HD LED,75,144790,259990,Android,4.3,0,0,0,0,1,1,0,0,1,0,11.883039695775468,12.468398447719538,0.4430939651525059
LG,HD LED,32,22200,25999,not Android,4.3,1,0,0,0,0,0,1,0,0,1,10.00784756786037,10.165813354725493,0.14612100465402517
Others,HD LED,24,9999,17990,Android,4.1,0,1,0,0,0,0,1,0,1,0,9.21024036697585,9.79757132694458,0.4441912173429683
LG,Ultra HD LED,43,46590,59990,not Android,4.5,1,0,0,0,0,0,0,1,0,1,10.749141204810842,11.00193316064714,0.22337056176029338
LG,Full HD LED,55,103990,103990,not Android,4.2,1,0,0,0,0,1,0,0,0,1,11.552050019654278,11.552050019654278,0.0
SAMSUNG,Ultra HD LED,65,85990,116900,not Android,4.3,0,0,1,0,0,0,0,1,0,1,11.361986289404943,11.66907414746016,0.26441402908468775
SAMSUNG,Ultra HD LED,43,38999,48900,not Android,4.3,0,0,1,0,0,0,0,1,0,1,10.571291283757406,10.797532675462964,0.20247443762781187
Others,HD LED,32,14999,14999,Android,4.4,0,1,0,0,0,0,1,0,1,0,9.61573881119536,9.61573881119536,0.0
Others,Ultra HD LED,65,84999,229990,Android,4.3,0,1,0,0,0,0,0,1,1,0,11.350394770697367,12.345791108699256,0.6304230618722553
Others,HD LED,32,10999,15999,Android,4.3,0,1,0,0,0,0,1,0,1,0,9.305559638557117,9.680281499268713,0.3125195324707794
LG,Ultra HD LED,65,199999,349990,not Android,4.4,1,0,0,0,0,0,0,1,0,1,12.206067645517674,12.765659861628855,0.4285579587988228
SAMSUNG,Ultra HD LED,55,64299,86900,not Android,4.6,0,0,1,0,0,0,0,1,0,1,11.071299358005243,11.372513311253483,0.2600805523590334
SONY,Ultra HD LED,75,199491,299900,not Android,4.7,0,0,0,1,0,0,0,1,0,1,12.203524401512489,12.6112043647371,0.33480826942314107
SAMSUNG,Ultra HD LED,65,224999,279900,not Android,5.0,0,0,1,0,0,0,0,1,0,1,12.323851236732237,12.542187675503545,0.1961450518042158
SAMSUNG,Ultra HD LED,55,104900,104900,not Android,4.4,0,0,1,0,0,0,0,1,0,1,11.560762794384388,11.560762794384388,0.0
LG,Full HD LED,43,36499,41990,not Android,4.4,1,0,0,0,0,1,0,0,0,1,10.505040141934996,10.645186773678239,0.13076923076923078
TCL,Ultra HD LED,55,55499,89900,Android,4.3,0,0,0,0,1,0,0,1,1,0,10.924120281554181,11.406453220459712,0.38265850945494995
Others,Ultra HD LED,49,42490,59990,Android,4.2,0,1,0,0,0,0,0,1,1,0,10.657024033108858,11.00193316064714,0.29171528588098017
LG,Ultra HD LED,55,63990,91990,not Android,4.7,1,0,0,0,0,0,0,1,0,1,11.066482100133506,11.429435154471204,0.30438091096858355
Others,Ultra HD LED,55,36999,59990,Android,4.3,0,1,0,0,0,0,0,1,1,0,10.518646164234097,11.00193316064714,0.383247207867978
SONY,Ultra HD LED,65,113999,179900,Android,4.4,0,0,0,1,0,0,0,1,1,0,11.643944955408335,12.100156419938624,0.3663201778765981
Others,Full HD LED,42,28240,43990,Android,5.0,0,1,0,0,0,1,0,0,1,0,10.248494691607178,10.691717614342766,0.35803591725392137
LG,Ultra HD LED,65,249999,409990,not Android,4.8,1,0,0,0,0,0,0,1,0,1,12.429212196836383,12.92388804813914,0.390231469060221
Others,Ultra HD LED,50,33999,46990,not Android,4.3,0,1,0,0,0,0,0,1,0,1,10.434086391401058,10.757690092096862,0.2764630772504788
LG,Full HD LED,49,77990,77990,not Android,4.8,1,0,0,0,0,1,0,0,0,1,11.264335892324544,11.264335892324544,0.0
Others,HD LED,32,17499,18990,not Android,4.3,0,1,0,0,0,0,1,0,0,1,9.769899015421748,9.85166780380633,0.07851500789889415
Others,Ultra HD LED,75,149999,239999,Android,4.2,0,1,0,0,0,0,0,1,1,0,11.918383906389504,12.388390035648781,0.37500156250651046
Others,Full HD LED,32,22990,24990,Android,4.2,0,1,0,0,0,1,0,0,1,0,10.042814617757227,10.126231023828998,0.08003201280512205
LG,Ultra HD LED,65,93999,129990,not Android,4.5,1,0,0,0,0,0,0,1,0,1,11.451039422897681,11.775212803402065,0.27687514424186477
Others,HD LED,32,12499,14990,not Android,3.7,0,1,0,0,0,0,1,0,0,1,9.433403920090221,9.615138591096644,0.16617745163442296
Others,Full HD LED,40,17999,29990,Android,4.1,0,1,0,0,0,1,0,0,1,0,9.798071479779479,10.308619271743055,0.3998332777592531
LG,Ultra HD LED,55,149999,229990,not Android,4.3,1,0,0,0,0,0,0,1,0,1,11.918383906389504,12.345791108699256,0.34780207835123267
LG,Ultra HD LED,65,224999,379990,not Android,5.0,1,0,0,0,0,0,0,1,0,1,12.323851236732237,12.847900215566828,0.40788178636279904
Others,Ultra HD LED,43,34999,43990,Android,4.1,0,1,0,0,0,0,0,1,1,0,10.463074768634808,10.691717614342766,0.20438736076380995
SONY,HD LED,32,26374,29800,Android,4.4,0,0,0,1,0,0,1,0,1,0,10.180133955367644,10.302263672493496,0.11496644295302014
SONY,Full HD LED,50,60291,64900,not Android,4.5,0,0,0,1,0,1,0,0,0,1,11.006938117844488,11.080602902692181,0.07101694915254238
Others,Ultra HD LED,55,119990,119990,Android,4.3,0,1,0,0,0,0,0,1,1,0,11.695163684958434,11.695163684958434,0.0
TCL,Ultra HD LED,55,47499,79990,Android,3.9,0,0,0,0,1,0,0,1,1,0,10.768463937169544,11.289656905842868,0.4061882735341918
Others,Ultra HD LED,55,41999,58000,Android,4.4,0,1,0,0,0,0,0,1,1,0,10.645401087458245,10.968198289528557,0.2758793103448276
Others,HD LED,24,9990,12990,not Android,4.0,0,1,0,0,0,0,1,0,0,1,9.2093398716426,9.471935109664646,0.23094688221709006
SAMSUNG,Ultra HD LED,65,294900,294900,not Android,4.7,0,0,1,0,0,0,0,1,0,1,12.594391594803367,12.594391594803367,0.0
Others,HD LED,32,15999,15999,Android,4.4,0,1,0,0,0,0,1,0,1,0,9.680281499268713,9.680281499268713,0.0
Others,HD LED,32,11499,20990,Android,4.3,0,1,0,0,0,0,1,0,1,0,9.350015354048665,9.951801412814678,0.45216769890424013
SAMSUNG,Ultra HD LED,65,159500,234900,not Android,4.6,0,0,1,0,0,0,0,1,0,1,11.979799201207037,12.366915170647005,0.32098765432098764
LG,Ultra HD LED,65,164999,264990,not Android,4.7,1,0,0,0,0,0,0,1,0,1,12.01369469225829,12.487447368407288,0.3773387675006604
SONY,Ultra HD LED,65,149999,244900,Android,4.7,0,0,0,1,0,0,0,1,1,0,11.918383906389504,12.40860524294026,0.38750918742343815
SAMSUNG,Ultra HD LED,49,74990,129900,not Android,4.7,0,0,1,0,0,0,0,1,0,1,11.225110050295434,11.77452020265869,0.4227097767513472
Others,Full HD LED,43,28999,35990,not Android,4.1,0,1,0,0,0,1,0,0,0,1,10.275016625615446,10.490996401073076,0.19424840233398166
Others,Ultra HD LED,58,53199,79990,Android,4.2,0,1,0,0,0,0,0,1,1,0,10.881794878160589,11.289656905842868,0.33492936617077135
SAMSUNG,Ultra HD LED,55,84999,133900,not Android,4.6,0,0,1,0,0,0,0,1,0,1,11.350394770697367,11.804848531679264,0.3652053771471247
LG,Ultra HD LED,55,124999,177990,not Android,4.4,1,0,0,0,0,0,0,1,0,1,11.736061016252439,12.089482647920798,0.2977189729760099
Others,HD LED,32,11299,22690,Android,3.9,0,1,0,0,0,0,1,0,1,0,9.332469505209247,10.029679577773887,0.5020273248126929
SAMSUNG,Ultra HD LED,49,179900,179900,not Android,4.3,0,0,1,0,0,0,0,1,0,1,12.100156419938624,12.100156419938624,0.0
SAMSUNG,Full HD LED,43,62900,62900,not Android,3.9,0,0,1,0,0,1,0,0,0,1,11.049301442688533,11.049301442688533,0.0
SONY,Ultra HD LED,55,80799,94900,not Android,4.6,0,0,0,1,0,0,0,1,0,1,11.299719868194977,11.460578984598019,0.14858798735511064
SONY,Ultra HD LED,49,64599,76900,Android,4.6,0,0,0,1,0,0,0,1,1,0,11.075954209774718,11.250261155493735,0.15996098829648894
Others,Ultra HD LED,43,30999,46050,Android,4.3,0,1,0,0,0,0,0,1,1,0,10.341710224882465,10.737483041683452,0.3268403908794788
SAMSUNG,Ultra HD LED,55,204900,204900,not Android,3.0,0,0,1,0,0,0,0,1,0,1,12.230277334226992,12.230277334226992,0.0
TCL,Full HD LED,40,26990,39990,Android,4.2,0,0,0,0,1,1,0,0,1,0,10.20322170601205,10.596384701840863,0.3250812703175794
LG,Ultra HD LED,55,64990,102990,not Android,4.3,1,0,0,0,0,0,0,1,0,1,11.081988690888394,11.542387175119847,0.3689678609573745
Others,Ultra HD LED,55,69200,69200,Android,3.7,0,1,0,0,0,0,0,1,1,0,11.144756141605761,11.144756141605761,0.0
Others,Ultra HD LED,65,74999,153990,not Android,4.8,0,1,0,0,0,0,0,1,0,1,11.225230059096225,11.944642944222458,0.5129618806416001
SONY,Ultra HD LED,55,109999,164900,Android,3.6,0,0,0,1,0,0,0,1,1,0,11.60822655382414,12.01309450854769,0.3329351121892056
Others,HD LED,32,16999,16999,Android,4.1,0,1,0,0,0,0,1,0,1,0,9.74090979777877,9.74090979777877,0.0
Others,HD LED,32,18999,20990,Android,4.1,0,1,0,0,0,0,1,0,1,0,9.85214162518454,9.951801412814678,0.09485469271081468
SAMSUNG,Ultra HD LED,49,64499,99900,not Android,4.5,0,0,1,0,0,0,0,1,0,1,11.074404998787708,11.511924964636645,0.35436436436436436
LG,Ultra HD LED,55,81999,149990,not Android,4.8,1,0,0,0,0,0,0,1,0,1,11.314462331050079,11.918323904189405,0.453303553570238
Others,HD LED,32,28399,28400,Android,4.2,0,1,0,0,0,0,1,0,1,0,10.25410921226176,10.254144424149297,3.5211267605633805e-05
SAMSUNG,Ultra HD LED,55,241900,241900,not Android,3.9,0,0,1,0,0,0,0,1,0,1,12.39627969659812,12.39627969659812,0.0
SAMSUNG,Ultra HD LED,65,122299,209900,not Android,4.7,0,0,1,0,0,0,0,1,0,1,11.714224145026954,12.254386505808725,0.41734635540733683
SONY,Ultra HD LED,55,164999,329900,Android,4.7,0,0,0,1,0,0,0,1,1,0,12.01369469225829,12.706544857216672,0.4998514701424674
LG,Full HD LED,49,74990,74990,not Android,4.5,1,0,0,0,0,1,0,0,0,1,11.225110050295434,11.225110050295434,0.0
SONY,Ultra HD LED,65,179999,224900,Android,4.9,0,0,0,1,0,0,0,1,1,0,12.100706574301359,12.323411137947407,0.19964873277012005
SONY,Ultra HD LED,65,112100,179990,Android,4.7,0,0,0,1,0,0,0,1,1,0,11.62714660906025,12.100656572773525,0.37718762153452967
SONY,HD LED,32,26990,29900,not Android,4.4,0,0,0,1,0,0,1,0,0,1,10.20322170601205,10.305613759378778,0.09732441471571907
LG,Full HD LED,43,38899,45900,not Android,3.7,1,0,0,0,0,1,0,0,0,1,10.568723822335235,10.734220396048636,0.1525272331154684
TCL,Ultra HD LED,65,86091,109990,Android,4.3,0,0,0,0,1,0,0,1,1,0,11.363160155335496,11.608144731551162,0.21728338939903627
SAMSUNG,Full HD LED,55,118900,118900,not Android,4.0,0,0,1,0,0,1,0,0,0,1,11.686038082678873,11.686038082678873,0.0
SONY,Ultra HD LED,50,81990,99900,Android,4.7,0,0,0,1,0,0,0,1,1,0,11.314352567590223,11.511924964636645,0.17927927927927928
SAMSUNG,Ultra HD LED,49,129900,129900,not Android,4.4,0,0,1,0,0,0,0,1,0,1,11.77452020265869,11.77452020265869,0.0
LG,Full HD LED,49,64900,64900,not Android,4.2,1,0,0,0,0,1,0,0,0,1,11.080602902692181,11.080602902692181,0.0
SAMSUNG,HD LED,32,18490,22500,not Android,4.0,0,0,1,0,0,0,1,0,0,1,9.82498532438117,10.021270588192511,0.17822222222222223
LG,Ultra HD LED,55,114999,189990,not Android,2.7,1,0,0,0,0,0,0,1,0,1,11.652678711655406,12.154726718178585,0.39471024790778464
Others,Full HD LED,40,15999,29990,Android,4.1,0,1,0,0,0,1,0,0,1,0,9.680281499268713,10.308619271743055,0.4665221740580193
Others,Ultra HD LED,50,37999,105990,Android,4.2,0,1,0,0,0,0,0,1,1,0,10.545315122572783,11.5711000290213,0.6414850457590339
Others,Ultra HD LED,55,43999,73990,Android,4.4,0,1,0,0,0,0,0,1,1,0,10.691922185369403,11.211685227919597,0.40533855926476553
SAMSUNG,Ultra HD LED,50,125900,125900,not Android,4.3,0,0,1,0,0,0,0,1,0,1,11.743243220032438,11.743243220032438,0.0
Others,HD LED,32,15990,22990,Android,4.2,0,1,0,0,0,0,1,0,1,0,9.679718805828,10.042814617757227,0.3044802087864289
LG,Ultra HD LED,49,80990,80990,not Android,4.5,1,0,0,0,0,0,0,1,0,1,11.302080969243036,11.302080969243036,0.0
LG,Ultra HD LED,65,149999,219990,not Android,5.0,1,0,0,0,0,0,0,1,0,1,11.918383906389504,12.301337369755954,0.3181553706986681
LG,Full HD LED,49,67990,67990,not Android,4.5,1,0,0,0,0,1,0,0,0,1,11.127115914520505,11.127115914520505,0.0
SAMSUNG,Ultra HD LED,50,51990,67069,not Android,4.0,0,0,1,0,0,0,0,1,0,1,10.858806671377762,11.113477219186896,0.22482816204207606
SAMSUNG,Ultra HD LED,55,274900,274900,not Android,5.0,0,0,1,0,0,0,0,1,0,1,12.524162674153336,12.524162674153336,0.0
LG,Ultra HD LED,55,324990,324990,not Android,4.6,1,0,0,0,0,0,0,1,0,1,12.691549691607722,12.691549691607722,0.0
SAMSUNG,Ultra HD LED,50,69990,99990,not Android,4.0,0,0,1,0,0,0,0,1,0,1,11.156107653683586,11.512825459969894,0.3000300030003
SAMSUNG,Ultra HD LED,55,121999,143900,not Android,4.3,0,0,1,0,0,0,0,1,0,1,11.71176812696049,11.876873892875459,0.15219596942321056
Others,HD LED,32,14999,22990,Android,3.9,0,1,0,0,0,0,1,0,1,0,9.61573881119536,10.042814617757227,0.34758590691605046
SAMSUNG,Full HD LED,48,49990,77900,not Android,3.7,0,0,1,0,0,1,0,0,0,1,10.819578264407616,11.26318123185884,0.3582798459563543
SAMSUNG,Ultra HD LED,55,145900,145900,not Android,4.8,0,0,1,0,0,0,0,1,0,1,11.890676734510876,11.890676734510876,0.0
LG,Ultra HD LED,65,109999,209990,not Android,5.0,1,0,0,0,0,0,0,1,0,1,11.60822655382414,12.254815189518164,0.4761702938235154
SAMSUNG,Ultra HD LED,43,89850,89850,not Android,4.1,0,0,1,0,0,0,0,1,0,1,11.405896892211706,11.405896892211706,0.0
Others,HD LED,39,29079,39990,not Android,4.2,0,1,0,0,0,0,1,0,0,1,10.277771543160718,10.596384701840863,0.2728432108027007
LG,Ultra HD LED,49,120989,120990,not Android,4.4,1,0,0,0,0,0,0,1,0,1,11.703454911355488,11.703463176535523,8.265145879824779e-06
SONY,Ultra HD LED,43,63990,72900,not Android,4.4,0,0,0,1,0,0,0,1,0,1,11.066482100133506,11.19684391799675,0.12222222222222222
Others,Ultra HD LED,85,259999,350000,Android,4.4,0,1,0,0,0,0,0,1,1,0,12.468433063836422,12.765688433465597,0.2571457142857143
SAMSUNG,Ultra HD LED,55,154900,154900,not Android,5.0,0,0,1,0,0,0,0,1,0,1,11.95053502640496,11.95053502640496,0.0
Others,Full HD LED,40,15999,29990,Android,4.1,0,1,0,0,0,1,0,0,1,0,9.680281499268713,10.308619271743055,0.4665221740580193
SAMSUNG,Full HD LED,49,65999,82500,not Android,4.3,0,0,1,0,0,1,0,0,0,1,11.097394869378626,11.320553572322773,0.20001212121212122
TCL,HD LED,32,15000,29990,Android,4.2,0,0,0,0,1,0,1,0,1,0,9.615805480084347,10.308619271743055,0.49983327775925307
Others,Ultra HD LED,43,29490,32290,Android,4.1,0,1,0,0,0,0,0,1,1,0,10.291806501809322,10.382512863752321,0.08671415298854135
SAMSUNG,Ultra HD LED,65,122290,222900,not Android,4.5,0,0,1,0,0,0,0,1,0,1,11.714150552183415,12.31447851937396,0.4513683266038582
SAMSUNG,Ultra HD LED,55,284900,284900,not Android,3.6,0,0,1,0,0,0,0,1,0,1,12.559893520486,12.559893520486,0.0
SAMSUNG,HD LED,24,15200,15200,not Android,4.2,0,0,1,0,0,0,1,0,0,1,9.629050706834368,9.629050706834368,0.0
Others,Ultra HD LED,55,46899,75000,Android,4.4,0,1,0,0,0,0,0,1,1,0,10.755751632245435,11.225243392518447,0.37468
Others,HD LED,24,9999,17990,Android,4.1,0,1,0,0,0,0,1,0,1,0,9.21024036697585,9.79757132694458,0.4441912173429683
Others,HD LED,32,17499,17990,Android,4.2,0,1,0,0,0,0,1,0,1,0,9.769899015421748,9.79757132694458,0.027292940522512507
Others,HD LED,39,23990,31990,Android,3.9,0,1,0,0,0,0,1,0,1,0,10.08539235583374,10.373178632943564,0.25007814942169426
SAMSUNG,Full HD LED,49,45700,66900,not Android,4.2,0,0,1,0,0,1,0,0,0,1,10.729853576882297,11.11095424611632,0.31689088191330345
Others,Full HD LED,40,15999,29990,Android,4.1,0,1,0,0,0,1,0,0,1,0,9.680281499268713,10.308619271743055,0.4665221740580193
SAMSUNG,Ultra HD LED,49,146900,146900,not Android,4.5,0,0,1,0,0,0,0,1,0,1,11.897507362161969,11.897507362161969,0.0
LG,Full HD LED,49,40000,65900,not Android,4.2,1,0,0,0,0,1,0,0,0,1,10.596634733096073,11.095893720490599,0.3930197268588771
Others,HD LED,24,7999,10999,Android,4.3,0,1,0,0,0,0,1,0,1,0,8.987071812848821,9.305559638557117,0.27275206836985183
SAMSUNG,HD LED,32,19599,25900,not Android,4.3,0,0,1,0,0,0,1,0,0,1,9.88323382350886,10.16199824768763,0.24328185328185328
SAMSUNG,Ultra HD LED,55,89990,163900,not Android,4.7,0,0,1,0,0,0,0,1,0,1,11.407453832027993,12.00701176473192,0.4509456985967053
Others,Ultra HD LED,43,35990,50000,not Android,5.0,0,1,0,0,0,0,0,1,0,1,10.490996401073076,10.819778284410283,0.2802
Others,Ultra HD LED,65,59999,94990,Android,4.0,0,1,0,0,0,0,0,1,1,0,11.002083174398681,11.461526901884229,0.3683650910622171
Others,Ultra HD LED,65,64999,94499,Android,4.4,0,1,0,0,0,0,0,1,1,0,11.082127164144046,11.456344531415262,0.31217261558323367
LG,Ultra HD LED,75,189999,284990,not Android,3.0,1,0,0,0,0,0,0,1,0,1,12.154774087970878,12.560209370915901,0.33331344959472264
Others,Ultra HD LED,65,57999,79999,Android,4.3,0,1,0,0,0,0,0,1,1,0,10.968181048000611,11.289769413577893,0.2750034375429693
Others,HD LED,32,13499,15499,Android,4.4,0,1,0,0,0,0,1,0,1,0,9.510370887608827,9.648530784697051,0.12904058326343634
SAMSUNG,Full HD LED,43,36990,38900,not Android,4.1,0,0,1,0,0,1,0,0,0,1,10.5184028848265,10.568749529606537,0.04910025706940874
Others,Full HD LED,43,20499,25999,Android,4.4,0,1,0,0,0,1,0,0,1,0,9.928131383448887,10.165813354725493,0.21154659794607486
Others,HD LED,32,12999,19499,Android,4.4,0,1,0,0,0,0,1,0,1,0,9.47262771040802,9.878118461185586,0.33335042822708855
Others,HD LED,32,20990,25900,not Android,4.8,0,1,0,0,0,0,1,0,0,1,9.951801412814678,10.16199824768763,0.18957528957528957
Others,HD LED,32,20990,30000,Android,3.7,0,1,0,0,0,0,1,0,1,0,9.951801412814678,10.308952660644293,0.30033333333333334
Others,HD LED,32,23989,23990,Android,4.2,0,1,0,0,0,0,1,0,1,0,10.085350670929921,10.08539235583374,4.168403501458941e-05
SAMSUNG,HD LED,32,23000,25900,not Android,4.4,0,0,1,0,0,0,1,0,0,1,10.043249494911286,10.16199824768763,0.11196911196911197
Others,Full HD LED,40,18999,26990,Android,4.2,0,1,0,0,0,1,0,0,1,0,9.85214162518454,10.20322170601205,0.2960726194886995
Others,HD LED,24,6799,10999,Android,3.8,0,1,0,0,0,0,1,0,1,0,8.82453082152646,9.305559638557117,0.3818528957177925
TCL,Ultra HD LED,65,68990,127445,Android,4.5,0,0,0,0,1,0,0,1,1,0,11.141716845540154,11.755440177963695,0.45866844521165995
Others,Full HD LED,43,22499,24999,Android,4.4,0,1,0,0,0,1,0,0,1,0,10.021226142760383,10.126591103050316,0.1000040001600064
Others,Full HD LED,43,27999,35500,Android,4.3,0,1,0,0,0,1,0,0,1,0,10.239924074233857,10.477287975463508,0.21129577464788732
Others,Full HD LED,43,29990,38790,Android,4.9,0,1,0,0,0,1,0,0,1,0,10.308619271743055,10.565917760434013,0.22686259345192059
TCL,HD LED,32,15499,22990,Android,4.2,0,0,0,0,1,0,1,0,1,0,9.648530784697051,10.042814617757227,0.3258373205741627
Others,Full HD LED,43,30490,38990,Android,4.3,0,1,0,0,0,1,0,0,1,0,10.3251540399823,10.571060481976643,0.21800461656835085
SAMSUNG,Ultra HD LED,49,129900,129900,not Android,3.4,0,0,1,0,0,0,0,1,0,1,11.77452020265869,11.77452020265869,0.0
LG,Full HD LED,49,77900,77900,not Android,4.1,1,0,0,0,0,1,0,0,0,1,11.26318123185884,11.26318123185884,0.0
SAMSUNG,Ultra HD LED,49,136500,136500,not Android,4.4,0,0,1,0,0,0,0,1,0,1,11.824079893607152,11.824079893607152,0.0
Others,HD LED,32,11499,15999,Android,4.1,0,1,0,0,0,0,1,0,1,0,9.350015354048665,9.680281499268713,0.2812675792237015
Others,Ultra HD LED,43,34999,34999,Android,4.3,0,1,0,0,0,0,0,1,1,0,10.463074768634808,10.463074768634808,0.0
Others,HD LED,32,16990,20990,not Android,4.1,0,1,0,0,0,0,1,0,0,1,9.740380214665977,9.951801412814678,0.19056693663649357
SAMSUNG,Full HD LED,43,48900,48900,not Android,4.2,0,0,1,0,0,1,0,0,0,1,10.797532675462964,10.797532675462964,0.0
Others,Full HD LED,40,15999,29990,Android,4.1,0,1,0,0,0,1,0,0,1,0,9.680281499268713,10.308619271743055,0.4665221740580193
SAMSUNG,Ultra HD LED,65,94990,145900,not Android,2.8,0,0,1,0,0,0,0,1,0,1,11.461526901884229,11.890676734510876,0.3489376285126799
Others,Ultra HD LED,65,99999,229990,Android,4.4,0,1,0,0,0,0,0,1,1,0,11.512915464920228,12.345791108699256,0.5652028349058654
Others,HD LED,32,10999,18599,Android,4.0,0,1,0,0,0,0,1,0,1,0,9.305559638557117,9.830863094815127,0.40862411957632133
Others,HD LED,24,7499,10999,Android,4.0,0,1,0,0,0,0,1,0,1,0,8.92252495730139,9.305559638557117,0.3182107464314938
LG,HD LED,32,18450,19990,not Android,4.2,1,0,0,0,0,0,1,0,0,1,9.822819649468673,9.902987427494446,0.07703851925962982
Others,HD LED,32,9799,21999,Android,3.8,0,1,0,0,0,0,1,0,1,0,9.190035618635818,9.998752276761909,0.5545706623028319
Others,HD LED,32,13999,24990,Android,3.7,0,1,0,0,0,0,1,0,1,0,9.546741177474825,10.126231023828998,0.4398159263705482
TCL,Ultra HD LED,65,89999,189990,Android,4.4,0,0,0,0,1,0,0,1,1,0,11.407553838139561,12.154726718178585,0.5262961208484657
Others,HD LED,40,16999,27999,Android,4.0,0,1,0,0,0,0,1,0,1,0,9.74090979777877,10.239924074233857,0.3928711739704989
Others,HD LED,32,12499,25990,Android,4.2,0,1,0,0,0,0,1,0,1,0,9.433403920090221,10.165467127635536,0.5190842631781455
TCL,Ultra HD LED,55,59999,189990,Android,3.9,0,0,0,0,1,0,0,1,1,0,11.002083174398681,12.154726718178585,0.684199168377283
Others,Full HD LED,40,24990,29290,not Android,3.7,0,1,0,0,0,1,0,0,0,1,10.126231023828998,10.285001439821778,0.14680778422669855
Others,HD LED,39,19800,33330,Android,4.2,0,1,0,0,0,0,1,0,1,0,9.893437216682626,10.414213171301785,0.40594059405940597
SAMSUNG,Ultra HD LED,49,64990,101900,not Android,4.8,0,0,1,0,0,0,0,1,0,1,11.081988690888394,11.531747219210816,0.3622178606476938
Others,HD LED,32,11990,26900,Android,3.7,0,1,0,0,0,0,1,0,1,0,9.39182824802156,10.19988156558993,0.554275092936803
Others,Full HD LED,43,20999,38490,Android,4.1,0,1,0,0,0,1,0,0,1,0,9.952230096524119,10.558153746277792,0.4544297220057158
Others,Full HD LED,39,22990,32990,not Android,4.1,0,1,0,0,0,1,0,0,0,1,10.042814617757227,10.403959764222627,0.30312215822976657
SAMSUNG,HD LED,32,17999,23890,not Android,4.2,0,0,1,0,0,0,1,0,0,1,9.798071479779479,10.081215240319855,0.2465885307660109
Others,Ultra HD LED,55,35199,89000,Android,4.0,0,1,0,0,0,0,0,1,1,0,10.468772952091733,11.396391648714276,0.6045056179775281
LG,Ultra HD LED,49,59999,110990,not Android,4.3,1,0,0,0,0,0,0,1,0,1,11.002083174398681,11.617195386146026,0.45941976754662583
LG,Ultra HD LED,65,99990,169990,not Android,4.5,1,0,0,0,0,0,0,1,0,1,11.512825459969894,12.043494890772815,0.4117889287605153
Others,Ultra HD LED,55,37999,59999,Android,4.1,0,1,0,0,0,0,0,1,1,0,10.545315122572783,11.002083174398681,0.3666727778796313
Others,Ultra HD LED,43,35999,84900,not Android,4.4,0,1,0,0,0,0,0,1,0,1,10.49124643927466,11.349229372299439,0.5759835100117786
Others,HD LED,32,18290,22990,Android,4.0,0,1,0,0,0,0,1,0,1,0,9.814109741384911,10.042814617757227,0.2044367116137451
Others,HD LED,32,16499,27000,Android,3.7,0,1,0,0,0,0,1,0,1,0,9.711055051991444,10.203592144986466,0.38892592592592595
LG,Ultra HD LED,49,58999,90990,not Android,4.3,1,0,0,0,0,0,0,1,0,1,10.985275773591676,11.418504889350736,0.3515880866029234
SAMSUNG,HD LED,32,26900,26900,not Android,4.0,0,0,1,0,0,0,1,0,0,1,10.19988156558993,10.19988156558993,0.0
Others,Ultra HD LED,50,44999,84990,not Android,4.3,0,1,0,0,0,0,0,1,0,1,10.714395546283317,11.350288881492672,0.47053771031886105
LG,Ultra HD LED,65,189999,299990,not Android,2.7,1,0,0,0,0,0,0,1,0,1,12.154774087970878,12.611504419749437,0.36664888829627656
Others,HD LED,24,8699,15990,Android,3.9,0,1,0,0,0,0,1,0,1,0,9.07096335550754,9.679718805828,0.45597248280175107
SAMSUNG,Ultra HD LED,50,52890,70900,not Android,4.0,0,0,1,0,0,0,0,1,0,1,10.875969564060025,11.169025712520218,0.25401974612129763
Others,Full HD LED,43,27039,32039,not Android,4.0,0,1,0,0,0,1,0,0,0,1,10.205035547224519,10.374709189708955,0.1560598021161709
LG,Ultra HD LED,43,79990,79990,not Android,4.4,1,0,0,0,0,0,0,1,0,1,11.289656905842868,11.289656905842868,0.0
Others,HD LED,31,16485,22990,not Android,4.3,0,1,0,0,0,0,1,0,0,1,9.710206155505832,10.042814617757227,0.28294910830796
LG,Ultra HD LED,55,62490,79990,not Android,4.0,1,0,0,0,0,0,0,1,0,1,11.042761822923127,11.289656905842868,0.21877734716839606
SAMSUNG,Ultra HD LED,55,67990,86900,not Android,3.9,0,0,1,0,0,0,0,1,0,1,11.127115914520505,11.372513311253483,0.21760644418872266
LG,Full HD LED,43,39290,49990,not Android,4.2,1,0,0,0,0,1,0,0,0,1,10.578725312552505,10.819578264407616,0.21404280856171234
Others,HD LED,24,9999,17990,Android,4.1,0,1,0,0,0,0,1,0,1,0,9.21024036697585,9.79757132694458,0.4441912173429683
Others,Ultra HD LED,49,47990,50999,Android,4.1,0,1,0,0,0,0,0,1,1,0,10.77874793485229,10.83956130367109,0.059001156885429125
Others,Ultra HD LED,43,26990,52000,Android,4.3,0,1,0,0,0,0,0,1,1,0,10.20322170601205,10.858998997563564,0.48096153846153844
Others,HD LED,40,15499,23999,Android,2.4,0,1,0,0,0,0,1,0,1,0,9.648530784697051,10.085767441795337,0.3541814242260094
SAMSUNG,Full HD LED,49,92500,92500,not Android,4.1,0,0,1,0,0,1,0,0,0,1,11.434963923500517,11.434963923500517,0.0
Others,Ultra HD LED,55,45000,69000,Android,3.9,0,1,0,0,0,0,0,1,1,0,10.714417768752456,11.141861783579396,0.34782608695652173
SONY,Ultra HD LED,43,40999,61900,Android,4.6,0,0,0,1,0,0,0,1,1,0,10.621302955145095,11.033275458672687,0.3376575121163166
SAMSUNG,Full HD LED,43,31990,38900,not Android,4.4,0,0,1,0,0,1,0,0,0,1,10.373178632943564,10.568749529606537,0.17763496143958868
SAMSUNG,Full HD LED,43,36890,45900,not Android,4.7,0,0,1,0,0,1,0,0,0,1,10.515695790590721,10.734220396048636,0.1962962962962963
SAMSUNG,Full HD LED,43,39999,49900,not Android,4.3,0,0,1,0,0,1,0,0,0,1,10.596609732783568,10.81777628173961,0.19841683366733467
Others,Ultra HD LED,65,53499,156990,Android,4.3,0,1,0,0,0,0,0,1,1,0,10.887418241120622,11.963937388034363,0.6592203325052551
Others,Ultra HD LED,55,47999,54999,Android,4.4,0,1,0,0,0,0,0,1,1,0,10.778935456339678,10.915070282231135,0.12727504136438844
SAMSUNG,Ultra HD LED,55,51999,72900,not Android,4.5,0,0,1,0,0,0,0,1,0,1,10.85897976660942,11.19684391799675,0.28670781893004116
Others,Ultra HD LED,50,34999,54050,Android,4.3,0,1,0,0,0,0,0,1,1,0,10.463074768634808,10.897664823067354,0.35246993524514336
TCL,Ultra HD LED,43,29999,55990,not Android,4.1,0,0,0,0,1,0,0,1,0,1,10.308919326755392,10.932928382342938,0.46420789426683334
Others,Full HD LED,40,15499,31990,Android,4.3,0,1,0,0,0,1,0,0,1,0,9.648530784697051,10.373178632943564,0.5155048452641451
SAMSUNG,Full HD LED,43,34999,58900,not Android,4.5,0,0,1,0,0,1,0,0,0,1,10.463074768634808,10.983596369639677,0.40578947368421053
Others,HD LED,32,12990,25075,Android,4.0,0,1,0,0,0,0,1,0,1,0,9.471935109664646,10.129626612830137,0.48195413758723826
SONY,Ultra HD LED,49,49999,104900,Android,4.5,0,0,0,1,0,0,0,1,1,0,10.81975828421028,11.560762794384388,0.5233651096282174
LG,Ultra HD LED,43,36990,52990,not Android,4.4,1,0,0,0,0,0,0,1,0,1,10.5184028848265,10.877858495486807,0.30194376297414605
SONY,HD LED,32,14023,25900,Android,4.4,0,0,0,1,0,0,1,0,1,0,9.548454117726651,10.16199824768763,0.4585714285714286
Others,Ultra HD LED,65,47999,79999,Android,4.4,0,1,0,0,0,0,0,1,1,0,10.778935456339678,11.289769413577893,0.4000050000625008
Others,Full HD LED,43,17999,26999,Android,4.2,0,1,0,0,0,1,0,0,1,0,9.798071479779479,10.203555107263542,0.33334567946960997
SAMSUNG,Ultra HD LED,43,43751,77900,not Android,4.4,0,0,1,0,0,0,0,1,0,1,10.686269748667398,11.26318123185884,0.43836970474967907
TCL,Ultra HD LED,55,37319,51990,not Android,4.3,0,0,0,0,1,0,0,1,0,1,10.52725785931825,10.858806671377762,0.2821888824773995
Others,Ultra HD LED,55,40599,50999,not Android,4.3,0,1,0,0,0,0,0,1,0,1,10.611498714744615,10.83956130367109,0.20392556716798368
SAMSUNG,Ultra HD LED,43,36999,66900,not Android,4.5,0,0,1,0,0,0,0,1,0,1,10.518646164234097,11.11095424611632,0.4469506726457399
Others,Ultra HD LED,65,78999,199990,Android,4.6,0,1,0,0,0,0,0,1,1,0,11.277190473141195,12.206022644280132,0.6049852492624631
Others,Ultra HD LED,55,29950,49990,not Android,4.4,0,1,0,0,0,0,0,1,0,1,10.307284603543595,10.819578264407616,0.40088017603520704
Others,Ultra HD LED,55,49999,69990,Android,4.2,0,1,0,0,0,0,0,1,1,0,10.81975828421028,11.156107653683586,0.28562651807401057
LG,Ultra HD LED,43,37890,49990,not Android,4.5,1,0,0,0,0,0,0,1,0,1,10.542442504012646,10.819578264407616,0.2420484096819364
SONY,Ultra HD LED,49,60999,84900,not Android,4.5,0,0,0,1,0,0,0,1,0,1,11.018612749578452,11.349229372299439,0.2815194346289753
LG,Ultra HD LED,55,84999,166990,not Android,4.5,1,0,0,0,0,0,0,1,0,1,11.350394770697367,12.025689209366478,0.4909934726630337
SAMSUNG,Full HD LED,43,36514,46900,not Android,4.5,0,0,1,0,0,1,0,0,0,1,10.505451027673455,10.75577295443437,0.2214498933901919
Others,HD LED,40,15990,35890,Android,3.7,0,1,0,0,0,0,1,0,1,0,9.679718805828,10.488213984141654,0.5544719977709669
LG,Ultra HD LED,49,47249,73990,not Android,4.3,1,0,0,0,0,0,0,1,0,1,10.763186768676764,11.211685227919597,0.36141370455466953
TCL,Ultra HD LED,50,33999,62990,Android,4.4,0,0,0,0,1,0,0,1,1,0,10.434086391401058,11.050731262615974,0.4602476583584696
TCL,Ultra HD LED,43,27889,52990,Android,4.4,0,0,0,0,1,0,0,1,1,0,10.23598762483351,10.877858495486807,0.4736931496508775
SAMSUNG,HD LED,32,11999,21900,not Android,4.4,0,0,1,0,0,0,1,0,0,1,9.392578591964389,9.994241915804592,0.45210045662100456
LG,Ultra HD LED,65,102890,172990,not Android,5.0,1,0,0,0,0,0,0,1,0,1,11.541415735369856,12.060989068341023,0.4052257355916527
LG,HD LED,28,13945,17990,not Android,4.4,1,0,0,0,0,0,1,0,0,1,9.54287630006159,9.79757132694458,0.22484713729849917
SONY,Full HD LED,40,31999,37990,Android,4.3,0,0,0,1,0,1,0,0,1,0,10.373459931293572,10.54507824618167,0.1576993945775204
Others,Ultra HD LED,55,31999,70990,Android,4.4,0,1,0,0,0,0,0,1,1,0,10.373459931293572,11.170294301033431,0.5492463727285534
SONY,HD LED,32,20738,22990,Android,5.0,0,0,0,1,0,0,1,0,1,0,9.939723045118223,10.042814617757227,0.09795563288386255
TCL,HD LED,32,15499,25990,not Android,4.1,0,0,0,0,1,0,1,0,0,1,9.648530784697051,10.165467127635536,0.4036552520200077
Others,Ultra HD LED,55,59999,99999,Android,4.4,0,1,0,0,0,0,0,1,1,0,11.002083174398681,11.512915464920228,0.4000040000400004
SAMSUNG,Full HD LED,43,36999,58900,not Android,4.3,0,0,1,0,0,1,0,0,0,1,10.518646164234097,10.983596369639677,0.37183361629881156
Others,Full HD LED,43,24999,55990,not Android,4.0,0,1,0,0,0,1,0,0,0,1,10.126591103050316,10.932928382342938,0.5535095552777282
Others,Full HD LED,40,25590,36990,Android,4.7,0,1,0,0,0,1,0,0,1,0,10.149956929153834,10.5184028848265,0.308191403081914
SAMSUNG,Ultra HD LED,43,36106,69900,not Android,4.3,0,0,1,0,0,0,0,1,0,1,10.494214335496604,11.154820928221902,0.4834620886981402
SAMSUNG,Full HD LED,43,24726,45900,not Android,3.8,0,0,1,0,0,1,0,0,0,1,10.115610600566873,10.734220396048636,0.4613071895424837
TCL,Ultra HD LED,43,25999,48990,not Android,4.1,0,0,0,0,1,0,0,1,0,1,10.165813354725493,10.79937147463262,0.46929985711369665
Others,Ultra HD LED,75,84999,130000,not Android,4.1,0,1,0,0,0,0,0,1,0,1,11.350394770697367,11.77528972943772,0.34616153846153846
Others,HD LED,24,8659,12490,Android,3.0,0,1,0,0,0,0,1,0,1,0,9.066354521447801,9.432683603119623,0.3067253803042434
Others,HD LED,24,7499,7999,Android,3.8,0,1,0,0,0,0,1,0,1,0,8.92252495730139,8.987071812848821,0.06250781347668459
Others,Full HD LED,43,36379,52990,not Android,4.0,0,1,0,0,0,1,0,0,0,1,10.501746964063756,10.877858495486807,0.31347424042272126
SAMSUNG,HD LED,32,15210,27900,not Android,4.3,0,0,1,0,0,0,1,0,0,1,9.62970838525334,10.236381967809457,0.45483870967741935
TCL,HD LED,24,7499,11990,not Android,4.0,0,0,0,0,1,0,1,0,0,1,8.92252495730139,9.39182824802156,0.37456213511259384
Others,Full HD LED,42,42000,42000,Android,3.8,0,1,0,0,0,1,0,0,1,0,10.645424897265505,10.645424897265505,0.0
Others,HD LED,32,14999,27990,Android,4.1,0,1,0,0,0,0,1,0,1,0,9.61573881119536,10.2396025825095,0.464130046445159
Others,Ultra HD LED,55,50999,76990,not Android,4.5,0,1,0,0,0,0,0,1,0,1,10.83956130367109,11.251430822272095,0.33758929731133913
SONY,HD LED,32,22999,27990,not Android,4.4,0,0,0,1,0,0,1,0,0,1,10.043206015705211,10.2396025825095,0.178313683458378
Others,HD LED,20,6498,10590,Android,4.2,0,1,0,0,0,0,1,0,1,0,8.779249716229046,9.267665438595452,0.38640226628895186
SONY,Ultra HD LED,55,82493,129900,Android,4.8,0,0,0,1,0,0,0,1,1,0,11.320468720238088,11.77452020265869,0.36494996150885295
LG,HD LED,32,28311,30900,not Android,3.7,1,0,0,0,0,0,1,0,0,1,10.251005700689444,10.338511462885837,0.0837864077669903
Others,HD LED,32,13999,19000,Android,4.3,0,1,0,0,0,0,1,0,1,0,9.546741177474825,9.852194258148577,0.26321052631578945
SONY,Ultra HD LED,49,66104,129900,Android,4.4,0,0,0,1,0,0,0,1,1,0,11.09898453838102,11.77452020265869,0.4911162432640493
SAMSUNG,Ultra HD LED,43,35999,52900,not Android,4.5,0,0,1,0,0,0,0,1,0,1,10.49124643927466,10.876158617846391,0.3194896030245747
Others,Full HD LED,43,36999,49900,Android,4.4,0,1,0,0,0,1,0,0,1,0,10.518646164234097,10.81777628173961,0.2585370741482966
LG,Ultra HD LED,50,44990,66990,not Android,4.4,1,0,0,0,0,0,0,1,0,1,10.714195521835219,11.112298633502313,0.3284072249589491
LG,HD LED,24,14771,15900,not Android,4.4,1,0,0,0,0,0,1,0,0,1,9.6004210780406,9.674074388208323,0.0710062893081761
Others,HD LED,32,10499,19990,Android,4.3,0,1,0,0,0,0,1,0,1,0,9.259035293514941,9.902987427494446,0.4747873936968484
SAMSUNG,HD LED,32,17499,20900,not Android,4.3,0,0,1,0,0,0,1,0,0,1,9.769899015421748,9.947504437952903,0.16272727272727272
Others,Full HD LED,40,16999,32175,Android,4.4,0,1,0,0,0,1,0,0,1,0,9.74090979777877,10.378945032464328,0.47167055167055166
SAMSUNG,Full HD LED,40,19929,43476,not Android,4.3,0,0,1,0,0,1,0,0,0,1,9.899931236333352,10.679964340683078,0.5416091636765111
TCL,Ultra HD LED,75,149990,399990,Android,3.9,0,0,0,0,1,0,0,1,1,0,11.918323904189405,12.899194825777613,0.6250156253906348
Others,Ultra HD LED,43,29999,76990,Android,4.3,0,1,0,0,0,0,0,1,1,0,10.308919326755392,11.251430822272095,0.610351993765424
Others,Full HD LED,49,42999,72900,not Android,4.2,0,1,0,0,0,1,0,0,0,1,10.668932138591325,11.19684391799675,0.41016460905349794
Others,Full HD LED,43,22499,31000,Android,4.2,0,1,0,0,0,1,0,0,1,0,10.021226142760383,10.341742483467284,0.27422580645161293
Others,Ultra HD LED,55,36999,61990,Android,4.1,0,1,0,0,0,0,0,1,1,0,10.518646164234097,11.034728360695965,0.40314566865623486
SONY,Full HD LED,32,31990,39990,not Android,4.5,0,0,0,1,0,1,0,0,0,1,10.373178632943564,10.596384701840863,0.2000500125031258
Others,Ultra HD LED,49,39999,64990,not Android,3.9,0,1,0,0,0,0,0,1,0,1,10.596609732783568,11.081988690888394,0.3845360824742268
Others,Full HD LED,43,27990,56900,Android,4.1,0,1,0,0,0,1,0,0,1,0,10.2396025825095,10.949050620114422,0.5080843585237258
Others,Ultra HD LED,50,37254,60000,Android,4.3,0,1,0,0,0,0,0,1,1,0,10.525514600592947,11.002099841204238,0.3791
LG,Ultra HD LED,55,115658,212490,not Android,4.6,1,0,0,0,0,0,0,1,0,1,11.658392839499756,12.266650207415777,0.4557014447738717
SONY,Ultra HD LED,65,152999,269900,Android,4.5,0,0,0,1,0,0,0,1,1,0,11.938186664405501,12.505806799006097,0.43312708410522416
Others,Full HD LED,40,18990,36663,Android,4.2,0,1,0,0,0,1,0,0,1,0,9.85166780380633,10.509523351106111,0.4820391130022093
LG,Full HD LED,22,13933,14500,not Android,4.6,1,0,0,0,0,1,0,0,0,1,9.542015406113592,9.581903928408666,0.03910344827586207
LG,HD LED,24,14495,14500,not Android,4.4,1,0,0,0,0,0,1,0,0,1,9.581559041355757,9.581903928408666,0.0003448275862068965
SONY,Ultra HD LED,65,140791,209900,Android,4.8,0,0,0,1,0,0,0,1,1,0,11.855031800208534,12.254386505808725,0.32924726060028586
Others,Ultra HD LED,50,27999,55000,Android,4.4,0,1,0,0,0,0,0,1,1,0,10.239924074233857,10.915088464214607,0.4909272727272727
TCL,Full HD LED,40,19489,36419,not Android,4.1,0,0,0,0,1,1,0,0,0,1,9.877605482822025,10.50284589546367,0.46486723962766685
Others,Ultra HD LED,65,114999,179900,not Android,4.8,0,1,0,0,0,0,0,1,0,1,11.652678711655406,12.100156419938624,0.3607615341856587
LG,Ultra HD LED,43,36999,55990,not Android,4.5,1,0,0,0,0,0,0,1,0,1,10.518646164234097,10.932928382342938,0.33918556885158063
LG,HD LED,32,19603,26490,not Android,4.4,1,0,0,0,0,0,1,0,0,1,9.883437894730424,10.184522582266116,0.2599848999622499
SAMSUNG,Full HD LED,50,36900,36900,not Android,3.8,0,0,1,0,0,1,0,0,0,1,10.515966830028619,10.515966830028619,0.0
Others,Ultra HD LED,55,48999,89990,Android,4.0,0,1,0,0,0,0,0,1,1,0,10.799555168721248,11.407453832027993,0.455506167351928
Others,HD LED,22,8900,10000,Android,4.2,0,1,0,0,0,0,1,0,1,0,9.093806555720231,9.210340371976184,0.11
Others,Ultra HD LED,50,50000,50000,Android,4.4,0,1,0,0,0,0,0,1,1,0,10.819778284410283,10.819778284410283,0.0
Others,Full HD LED,49,32994,32999,Android,4.4,0,1,0,0,0,1,0,0,1,0,10.40408100573587,10.404232536959167,0.00015151974302251583
Others,HD LED,32,12699,27990,Android,3.6,0,1,0,0,0,0,1,0,1,0,9.449278529189034,10.2396025825095,0.5463022508038585
Others,Full HD LED,49,22999,31990,Android,4.3,0,1,0,0,0,1,0,0,1,0,10.043206015705211,10.373178632943564,0.28105658018130664
Others,HD LED,32,10840,24990,Android,4.1,0,1,0,0,0,0,1,0,1,0,9.290998274993637,10.126231023828998,0.5662264905962385
Others,Full HD LED,49,29990,50990,Android,4.4,0,1,0,0,0,1,0,0,1,0,10.308619271743055,10.839384814049202,0.4118454598940969
Others,HD LED,24,6999,10999,not Android,4.3,0,1,0,0,0,0,1,0,0,1,8.85352256068954,9.305559638557117,0.3636694244931357
Others,Full HD LED,21,5200,9420,not Android,3.9,0,1,0,0,0,1,0,0,0,1,8.556413904569519,9.150590367570409,0.44798301486199577
SONY,Full HD LED,52,37900,37900,not Android,4.6,0,0,0,1,0,1,0,0,0,1,10.542706391070517,10.542706391070517,0.0
Others,Full HD LED,43,17499,32990,Android,4.3,0,1,0,0,0,1,0,0,1,0,9.769899015421748,10.403959764222627,0.46956653531373144
LG,HD LED,24,15552,16900,not Android,2.0,1,0,0,0,0,0,1,0,0,1,9.65194452670022,9.735068900911164,0.07976331360946745
LG,Full HD LED,22,12453,13500,not Android,4.1,1,0,0,0,0,1,0,0,0,1,9.429716836721148,9.51044496442652,0.07755555555555556
Others,HD LED,32,13990,18990,Android,4.2,0,1,0,0,0,0,1,0,1,0,9.546098067659527,9.85166780380633,0.2632964718272775
LG,Full HD LED,32,32527,38900,not Android,4.3,1,0,0,0,0,1,0,0,0,1,10.389825792650848,10.568749529606537,0.16383033419023135
SAMSUNG,Full HD LED,40,33000,43850,not Android,3.8,0,0,1,0,0,1,0,0,0,1,10.404262840448617,10.688529997800329,0.24743443557582667
Others,HD LED,24,5792,11990,Android,4.3,0,1,0,0,0,0,1,0,1,0,8.664232934065552,9.39182824802156,0.516930775646372
Others,Ultra HD LED,55,84500,84500,Android,3.7,0,1,0,0,0,0,0,1,1,0,11.344506813345266,11.344506813345266,0.0
SAMSUNG,Full HD LED,32,20126,40900,not Android,4.4,0,0,1,0,0,1,0,0,0,1,9.909767790493278,10.618885342030893,0.5079217603911981
SAMSUNG,Full HD LED,32,15990,34900,not Android,4.2,0,0,1,0,0,1,0,0,0,1,9.679718805828,10.460242108190519,0.5418338108882521
Others,HD LED,32,14999,15000,Android,4.3,0,1,0,0,0,0,1,0,1,0,9.61573881119536,9.615805480084347,6.666666666666667e-05
Others,Full HD LED,43,53999,59900,Android,4.4,0,1,0,0,0,1,0,0,1,0,10.896720806856424,11.00043178410354,0.09851419031719533
Others,Full HD LED,22,5490,9990,not Android,3.9,0,1,0,0,0,1,0,0,0,1,8.610683534503575,9.2093398716426,0.45045045045045046
LG,Full HD LED,32,31990,31990,not Android,4.4,1,0,0,0,0,1,0,0,0,1,10.373178632943564,10.373178632943564,0.0
Others,HD LED,32,11999,19990,Android,4.3,0,1,0,0,0,0,1,0,1,0,9.392578591964389,9.902987427494446,0.3997498749374687
Others,Full HD LED,40,15999,29990,Android,4.1,0,1,0,0,0,1,0,0,1,0,9.680281499268713,10.308619271743055,0.4665221740580193
SONY,Full HD LED,50,52999,79900,not Android,4.5,0,0,0,1,0,1,0,0,0,1,10.878028324431728,11.288531131754366,0.3366833541927409
LG,Full HD LED,43,25999,35990,not Android,4.3,1,0,0,0,0,1,0,0,0,1,10.165813354725493,10.490996401073076,0.2776048902472909
Others,HD LED,24,9999,17990,Android,4.1,0,1,0,0,0,0,1,0,1,0,9.21024036697585,9.79757132694458,0.4441912173429683
Others,Ultra HD LED,43,29800,49990,Android,4.1,0,1,0,0,0,0,0,1,1,0,10.302263672493496,10.819578264407616,0.40388077615523105
Others,Ultra HD LED,55,39999,61600,Android,4.3,0,1,0,0,0,0,0,1,1,0,10.596609732783568,11.02841714952161,0.35066558441558443
Others,Ultra HD LED,43,23999,46165,Android,4.3,0,1,0,0,0,0,0,1,1,0,10.085767441795337,10.739977214206728,0.4801472977363804
Others,Full HD LED,39,14999,26990,Android,4.2,0,1,0,0,0,1,0,0,1,0,9.61573881119536,10.20322170601205,0.44427565765098187
LG,HD LED,32,20776,28990,not Android,4.5,1,0,0,0,0,0,1,0,0,1,9.941553753342584,10.274706221915702,0.28333908244222145
Others,HD LED,32,17989,17990,Android,4.3,0,1,0,0,0,0,1,0,1,0,9.797515738962685,9.79757132694458,5.558643690939411e-05
Others,Full HD LED,43,21999,31990,Android,4.0,0,1,0,0,0,1,0,0,1,0,9.998752276761909,10.373178632943564,0.31231634885901843
LG,HD LED,24,6765,13490,not Android,4.3,1,0,0,0,0,0,1,0,0,1,8.819517540604888,9.509703949201802,0.4985174203113417
Others,HD LED,32,7833,21999,Android,4.2,0,1,0,0,0,0,1,0,1,0,8.96610085736724,9.998752276761909,0.6439383608345834
Others,HD LED,32,10999,18000,Android,4.4,0,1,0,0,0,0,1,0,1,0,9.305559638557117,9.798127036878302,0.3889444444444444
Others,Ultra HD LED,43,24999,37990,Android,3.9,0,1,0,0,0,0,0,1,1,0,10.126591103050316,10.54507824618167,0.34195841010792316
Others,HD LED,32,27399,27400,Android,4.4,0,1,0,0,0,0,1,0,1,0,10.218261795359789,10.218298292376161,3.649635036496351e-05
Others,Ultra HD LED,49,62999,111900,Android,2.8,0,1,0,0,0,0,0,1,1,0,11.050874132231819,11.625360894300016,0.43700625558534406
LG,Full HD LED,43,24930,45674,not Android,4.0,1,0,0,0,0,1,0,0,0,1,10.123827176517604,10.729284487191537,0.4541752419319525
Others,HD LED,32,16825,23990,Android,4.3,0,1,0,0,0,0,1,0,1,0,9.730621154512928,10.08539235583374,0.29866611087953315
Others,Full HD LED,40,34639,39900,Android,4.1,0,1,0,0,0,1,0,0,1,0,10.452735493899395,10.594131602877955,0.1318546365914787
Others,Ultra HD LED,43,24999,39999,Android,4.4,0,1,0,0,0,0,0,1,1,0,10.126591103050316,10.596609732783568,0.3750093752343809
Others,Ultra HD LED,55,59990,59990,Android,4.2,0,1,0,0,0,0,0,1,1,0,11.00193316064714,11.00193316064714,0.0
SAMSUNG,HD LED,32,13990,28900,not Android,4.5,0,0,1,0,0,0,1,0,0,1,9.546098067659527,10.271596874100524,0.5159169550173011
Others,HD LED,32,26999,29900,Android,4.2,0,1,0,0,0,0,1,0,1,0,10.203555107263542,10.305613759378778,0.09702341137123746
Others,HD LED,32,13994,20000,Android,3.6,0,1,0,0,0,0,1,0,1,0,9.546383945305841,9.903487552536127,0.3003
Others,Ultra HD LED,55,29199,60000,Android,3.8,0,1,0,0,0,0,0,1,1,0,10.281889741094604,11.002099841204238,0.51335
Others,HD LED,32,26999,29900,Android,4.2,0,1,0,0,0,0,1,0,1,0,10.203555107263542,10.305613759378778,0.09702341137123746
Others,HD LED,32,13994,20000,Android,3.6,0,1,0,0,0,0,1,0,1,0,9.546383945305841,9.903487552536127,0.3003
Others,Full HD LED,50,35990,39990,not Android,3.9,0,1,0,0,0,1,0,0,0,1,10.490996401073076,10.596384701840863,0.1000250062515629
SAMSUNG,Full HD LED,46,87500,87500,not Android,3.7,0,0,1,0,0,1,0,0,0,1,11.379394072345706,11.379394072345706,0.0
Others,Ultra HD LED,55,168900,168900,Android,3.8,0,1,0,0,0,0,0,1,1,0,12.037062102795892,12.037062102795892,0.0
SAMSUNG,Ultra HD LED,55,178900,178900,not Android,3.9,0,0,1,0,0,0,0,1,0,1,12.09458226949681,12.09458226949681,0.0
SAMSUNG,Full HD LED,46,139990,139990,not Android,4.5,0,0,1,0,0,1,0,0,0,1,11.849326270468872,11.849326270468872,0.0
SAMSUNG,Full HD LED,55,189900,189900,not Android,4.6,0,0,1,0,0,1,0,0,0,1,12.154252896800378,12.154252896800378,0.0
SAMSUNG,Full HD LED,55,267000,267000,not Android,4.2,0,0,1,0,0,1,0,0,0,1,12.495003937382387,12.495003937382387,0.0
Others,Full HD LED,43,14990,38990,Android,3.5,0,1,0,0,0,1,0,0,1,0,9.615138591096644,10.571060481976643,0.6155424467812259
Others,Full HD LED,43,28999,33990,Android,4.1,0,1,0,0,0,1,0,0,1,0,10.275016625615446,10.433821642690162,0.14683730508973228
SAMSUNG,Full HD LED,55,249990,249990,not Android,4.3,0,0,1,0,0,1,0,0,0,1,12.429176196044363,12.429176196044363,0.0
LG,Full HD LED,47,112000,112000,not Android,5.0,1,0,0,0,0,1,0,0,0,1,11.626254150277232,11.626254150277232,0.0
Others,HD LED,32,14990,25000,Android,4.1,0,1,0,0,0,0,1,0,1,0,9.615138591096644,10.126631103850338,0.4004
LG,Ultra HD LED,55,131825,154900,not Android,3.8,1,0,0,0,0,0,0,1,0,1,11.78923056439867,11.95053502640496,0.1489670755326017
LG,Full HD LED,49,58988,66900,not Android,4.0,1,0,0,0,0,1,0,0,0,1,10.985089312370832,11.11095424611632,0.1182660687593423
SAMSUNG,Ultra HD LED,55,178500,178500,not Android,3.8,0,0,1,0,0,0,0,1,0,1,12.092343880201831,12.092343880201831,0.0
LG,Ultra HD LED,49,95007,117900,not Android,3.4,1,0,0,0,0,0,0,1,0,1,11.461705852078657,11.677592086525463,0.1941730279898219
LG,Ultra HD LED,49,77277,103900,not Android,4.3,1,0,0,0,0,0,0,1,0,1,11.255151648257112,11.551184177087318,0.25623676612127044
Others,Full HD LED,39,16490,29990,not Android,3.9,0,1,0,0,0,1,0,0,0,1,9.710509415553645,10.308619271743055,0.45015005001667224
LG,Full HD LED,49,67260,74900,not Android,3.6,1,0,0,0,0,1,0,0,0,1,11.11632098529426,11.22390916950531,0.1020026702269693
LG,Ultra HD LED,55,159589,189900,not Android,3.9,1,0,0,0,0,0,0,1,0,1,11.98035703931683,12.154252896800378,0.15961558715113217
TCL,Ultra HD LED,43,47990,47990,Android,3.7,0,0,0,0,1,0,0,1,1,0,10.77874793485229,10.77874793485229,0.0
Others,Full HD LED,43,30743,50900,Android,4.3,0,1,0,0,0,1,0,0,1,0,10.333417605043806,10.837618202538614,0.39601178781925345
LG,Full HD LED,60,210000,210000,not Android,4.4,1,0,0,0,0,1,0,0,0,1,12.254862809699606,12.254862809699606,0.0
SAMSUNG,HD LED,32,35700,35700,not Android,3.3,0,0,1,0,0,0,1,0,0,1,10.48290596776773,10.48290596776773,0.0
LG,Full HD LED,49,67260,74900,not Android,3.6,1,0,0,0,0,1,0,0,0,1,11.11632098529426,11.22390916950531,0.1020026702269693
LG,Ultra HD LED,55,159589,189900,not Android,3.9,1,0,0,0,0,0,0,1,0,1,11.98035703931683,12.154252896800378,0.15961558715113217
LG,Full HD LED,60,210000,210000,not Android,4.4,1,0,0,0,0,1,0,0,0,1,12.254862809699606,12.254862809699606,0.0
Others,Full HD LED,43,30743,50900,Android,4.3,0,1,0,0,0,1,0,0,1,0,10.333417605043806,10.837618202538614,0.39601178781925345
LG,Ultra HD LED,55,142237,169900,not Android,5.0,1,0,0,0,0,0,0,1,0,1,11.8652499594117,12.042965307660024,0.16281930547380813
Others,HD LED,40,12999,26350,Android,3.9,0,1,0,0,0,0,1,0,1,0,9.47262771040802,10.179223553969509,0.5066793168880456
LG,Full HD LED,60,190000,190000,not Android,4.8,1,0,0,0,0,1,0,0,0,1,12.154779351142624,12.154779351142624,0.0
SAMSUNG,HD LED,48,70500,70500,not Android,4.0,0,0,1,0,0,0,1,0,0,1,11.16336798880036,11.16336798880036,0.0
TCL,Ultra HD LED,55,74990,74990,not Android,4.3,0,0,0,0,1,0,0,1,0,1,11.225110050295434,11.225110050295434,0.0
Others,Full HD LED,43,22999,29999,Android,4.2,0,1,0,0,0,1,0,0,1,0,10.043206015705211,10.308919326755392,0.23334111137037902
Others,Ultra HD LED,50,32999,39999,Android,4.4,0,1,0,0,0,0,0,1,1,0,10.404232536959167,10.596609732783568,0.17500437510937775
Others,HD LED,32,13999,15999,Android,4.2,0,1,0,0,0,0,1,0,1,0,9.546741177474825,9.680281499268713,0.12500781298831176
Others,Ultra HD LED,55,39999,54990,Android,3.8,0,1,0,0,0,0,0,1,1,0,10.596609732783568,10.91490662950186,0.27261320240043646
Others,HD LED,32,14999,22990,Android,3.9,0,1,0,0,0,0,1,0,1,0,9.61573881119536,10.042814617757227,0.34758590691605046
Others,Ultra HD LED,70,69999,99990,Android,4.3,0,1,0,0,0,0,0,1,1,0,11.156236235215168,11.512825459969894,0.29993999399939997
Others,Ultra HD LED,43,34990,34990,Android,3.8,0,1,0,0,0,0,0,1,1,0,10.462817585361734,10.462817585361734,0.0
Others,HD LED,39,13699,22999,Android,3.8,0,1,0,0,0,0,1,0,1,0,9.52507811645139,10.043206015705211,0.404365407191617
Others,Ultra HD LED,55,28499,54999,Android,3.8,0,1,0,0,0,0,0,1,1,0,10.257624277921856,10.915070282231135,0.48182694230804196
Others,Ultra HD LED,50,23349,43999,Android,3.8,0,1,0,0,0,0,0,1,1,0,10.058309435627498,10.691922185369403,0.4693288483829178
Others,HD LED,39,15699,21999,Android,3.8,0,1,0,0,0,0,1,0,1,0,9.661352295040318,9.998752276761909,0.2863766534842493
Others,HD LED,40,17990,24990,Android,3.3,0,1,0,0,0,0,1,0,1,0,9.79757132694458,10.126231023828998,0.2801120448179272
Others,HD LED,32,7999,18000,Android,4.2,0,1,0,0,0,0,1,0,1,0,8.987071812848821,9.798127036878302,0.5556111111111111
Others,HD LED,24,5999,11000,Android,4.1,0,1,0,0,0,0,1,0,1,0,8.699348067653093,9.305650551780507,0.4546363636363636
Others,HD LED,32,9999,22000,Android,4.1,0,1,0,0,0,0,1,0,1,0,9.21024036697585,9.998797732340453,0.5455
Others,Ultra HD LED,49,25999,45000,Android,4.0,0,1,0,0,0,0,0,1,1,0,10.165813354725493,10.714417768752456,0.4222444444444444
Others,Full HD LED,43,15999,32000,Android,4.2,0,1,0,0,0,1,0,0,1,0,9.680281499268713,10.373491181781864,0.50003125
Others,Full HD LED,40,15999,28000,Android,4.1,0,1,0,0,0,1,0,0,1,0,9.680281499268713,10.239959789157341,0.42860714285714285
Others,Ultra HD LED,43,21999,40000,Android,3.9,0,1,0,0,0,0,0,1,1,0,9.998752276761909,10.596634733096073,0.450025
Others,Ultra HD LED,49,28999,55000,Android,4.1,0,1,0,0,0,0,0,1,1,0,10.275016625615446,10.915088464214607,0.4727454545454545
Others,Ultra HD LED,50,28990,53990,Android,4.1,0,1,0,0,0,0,0,1,1,0,10.274706221915702,10.896554123212333,0.46304871272457865
Others,Ultra HD LED,50,25999,59990,Android,4.3,0,1,0,0,0,0,0,1,1,0,10.165813354725493,11.00193316064714,0.5666111018503084
Others,Ultra HD LED,55,31999,69999,Android,4.3,0,1,0,0,0,0,0,1,1,0,10.373459931293572,11.156236235215168,0.5428648980699724
Others,HD LED,32,11300,23999,Android,3.9,0,1,0,0,0,0,1,0,1,0,9.332558004700433,10.085767441795337,0.5291470477936581
Others,Full HD LED,43,16490,47990,Android,3.8,0,1,0,0,0,1,0,0,1,0,9.710509415553645,10.77874793485229,0.6563867472390081
Others,HD LED,32,9990,17990,Android,4.3,0,1,0,0,0,0,1,0,1,0,9.2093398716426,9.79757132694458,0.44469149527515284
Others,Ultra HD LED,50,22499,58890,Android,3.7,0,1,0,0,0,0,0,1,1,0,10.021226142760383,10.983426575938616,0.617948717948718
Others,Ultra HD LED,55,29399,65990,Android,3.9,0,1,0,0,0,0,0,1,1,0,10.288715939142856,11.097258494377467,0.5544931050159115
Others,HD LED,32,12990,19990,Android,3.8,0,1,0,0,0,0,1,0,1,0,9.471935109664646,9.902987427494446,0.3501750875437719
Others,Full HD LED,42,30999,44990,Android,5.0,0,1,0,0,0,1,0,0,1,0,10.341710224882465,10.714195521835219,0.31098021782618357
Others,Full HD LED,43,30990,38642,Android,4.5,0,1,0,0,0,1,0,0,1,0,10.341419850781794,10.562095046821328,0.1980228766626986
Others,Ultra HD LED,50,38590,54990,Android,4.3,0,1,0,0,0,0,0,1,1,0,10.560748454531664,10.91490662950186,0.298236042916894
Others,HD LED,32,21599,25990,Android,4.0,0,1,0,0,0,0,1,0,1,0,9.980402296304254,10.165467127635536,0.16894959599846093
Others,Ultra HD LED,55,54499,89990,Android,4.6,0,1,0,0,0,0,0,1,1,0,10.905937631859144,11.407453832027993,0.39438826536281807
Others,Ultra HD LED,50,42000,69990,Android,4.0,0,1,0,0,0,0,0,1,1,0,10.645424897265505,11.156107653683586,0.39991427346763825
Others,HD LED,39,15990,31999,Android,4.3,0,1,0,0,0,0,1,0,1,0,9.679718805828,10.373459931293572,0.5002968842776336
Others,HD LED,32,7739,19990,Android,4.0,0,1,0,0,0,0,1,0,1,0,8.95402775927046,9.902987427494446,0.612856428214107
Others,HD LED,32,9499,16599,Android,4.0,0,1,0,0,0,0,1,0,1,0,9.158941808890182,9.71709773156622,0.42773661063919516
Others,Ultra HD LED,49,26999,36999,Android,4.5,0,1,0,0,0,0,0,1,1,0,10.203555107263542,10.518646164234097,0.2702775750695965
Others,Ultra HD LED,50,28999,58990,Android,4.3,0,1,0,0,0,0,0,1,1,0,10.275016625615446,10.98512321699712,0.5084082047804712
Others,HD LED,32,9999,16990,not Android,3.6,0,1,0,0,0,0,1,0,0,1,9.21024036697585,9.740380214665977,0.4114773396115362
Others,HD LED,32,11390,18190,not Android,4.7,0,1,0,0,0,0,1,0,0,1,9.340491056441229,9.808627271512169,0.37383177570093457
Others,HD LED,24,7999,12990,not Android,4.4,0,1,0,0,0,0,1,0,0,1,8.987071812848821,9.471935109664646,0.3842186297151655
Others,HD LED,38,19800,34600,Android,5.0,0,1,0,0,0,0,1,0,1,0,9.893437216682626,10.451608961045816,0.4277456647398844
Others,Full HD LED,55,49900,49900,Android,4.3,0,1,0,0,0,1,0,0,1,0,10.81777628173961,10.81777628173961,0.0
Others,Full HD LED,50,29499,39999,Android,3.8,0,1,0,0,0,1,0,0,1,0,10.292111643448266,10.596609732783568,0.2625065626640666
Others,Full HD LED,43,23688,47990,Android,4.2,0,1,0,0,0,1,0,0,1,0,10.072723869781427,10.77874793485229,0.5063971660762658
Others,Full HD LED,43,35999,35999,Android,4.2,0,1,0,0,0,1,0,0,1,0,10.49124643927466,10.49124643927466,0.0
Others,Ultra HD LED,65,55000,109000,Android,4.1,0,1,0,0,0,0,0,1,1,0,10.915088464214607,11.59910316121128,0.4954128440366973
Others,HD LED,32,16990,21000,Android,4.1,0,1,0,0,0,0,1,0,1,0,9.740380214665977,9.95227771670556,0.19095238095238096
Others,HD LED,24,12999,12999,Android,3.8,0,1,0,0,0,0,1,0,1,0,9.47262771040802,9.47262771040802,0.0
Others,Ultra HD LED,50,44999,84990,not Android,4.3,0,1,0,0,0,0,0,1,0,1,10.714395546283317,11.350288881492672,0.47053771031886105
Others,Full HD LED,39,22990,39990,not Android,3.8,0,1,0,0,0,1,0,0,0,1,10.042814617757227,10.596384701840863,0.4251062765691423
Others,Ultra HD LED,43,33999,69990,not Android,4.2,0,1,0,0,0,0,0,1,0,1,10.434086391401058,11.156107653683586,0.5142306043720531
Others,HD LED,32,14990,19990,not Android,4.3,0,1,0,0,0,0,1,0,0,1,9.615138591096644,9.902987427494446,0.25012506253126565
Others,Ultra HD LED,42,25990,59900,not Android,3.5,0,1,0,0,0,0,0,1,0,1,10.165467127635536,11.00043178410354,0.566110183639399
Others,Full HD LED,46,55990,55990,not Android,5.0,0,1,0,0,0,1,0,0,0,1,10.932928382342938,10.932928382342938,0.0
Others,HD LED,32,11000,20990,not Android,3.7,0,1,0,0,0,0,1,0,0,1,9.305650551780507,9.951801412814678,0.4759409242496427
Others,HD LED,24,8103,15990,not Android,3.7,0,1,0,0,0,0,1,0,0,1,8.999989642460726,9.679718805828,0.49324577861163227
Others,Ultra HD LED,55,51999,99990,not Android,3.7,0,1,0,0,0,0,0,1,0,1,10.85897976660942,11.512825459969894,0.47995799579958
Others,HD LED,24,13200,14990,not Android,2.5,0,1,0,0,0,0,1,0,0,1,9.487972108574462,9.615138591096644,0.11941294196130754
Others,HD LED,24,7290,17900,Android,4.3,0,1,0,0,0,0,1,0,1,0,8.894258825002703,9.792555991828847,0.5927374301675977
Others,HD LED,24,7499,14999,Android,4.2,0,1,0,0,0,0,1,0,1,0,8.92252495730139,9.61573881119536,0.5000333355557037
Others,Full HD LED,24,6999,11499,Android,4.3,0,1,0,0,0,1,0,0,1,0,8.85352256068954,9.350015354048665,0.39133837725019566
Others,Full HD LED,32,9499,16499,Android,4.3,0,1,0,0,0,1,0,0,1,0,9.158941808890182,9.711055051991444,0.42426813746287656
Others,HD LED,32,13499,15499,Android,4.1,0,1,0,0,0,0,1,0,1,0,9.510370887608827,9.648530784697051,0.12904058326343634
Others,Full HD LED,40,18999,29499,not Android,4.3,0,1,0,0,0,1,0,0,0,1,9.85214162518454,10.292111643448266,0.3559442692972643
Others,HD LED,32,10499,18499,not Android,4.3,0,1,0,0,0,0,1,0,0,1,9.259035293514941,9.82547195555139,0.43245580842207687
Others,Ultra HD LED,43,91990,91990,Android,4.0,0,1,0,0,0,0,0,1,1,0,11.429435154471204,11.429435154471204,0.0
Others,Full HD LED,40,29990,29990,Android,4.0,0,1,0,0,0,1,0,0,1,0,10.308619271743055,10.308619271743055,0.0
Others,Full HD LED,49,65990,65990,Android,4.4,0,1,0,0,0,1,0,0,1,0,11.097258494377467,11.097258494377467,0.0
Others,Full HD LED,50,66990,66990,Android,4.3,0,1,0,0,0,1,0,0,1,0,11.112298633502313,11.112298633502313,0.0
Others,Full HD LED,55,71990,71990,Android,4.2,0,1,0,0,0,1,0,0,1,0,11.184282499463349,11.184282499463349,0.0
Others,HD LED,24,11999,13490,Android,3.9,0,1,0,0,0,0,1,0,1,0,9.392578591964389,9.509703949201802,0.11052631578947368
Others,Full HD LED,24,6179,13390,Android,4.2,0,1,0,0,0,1,0,0,1,0,8.72891172506098,9.502263438685219,0.5385362210604929
Others,HD LED,20,5364,10990,Android,4.1,0,1,0,0,0,0,1,0,1,0,8.587465244401569,9.304741047397666,0.5119199272065514
Others,Ultra HD LED,55,42999,61999,Android,4.4,0,1,0,0,0,0,0,1,1,0,10.668932138591325,11.034873534864897,0.3064565557508992
Others,Full HD LED,32,13990,14999,Android,3.7,0,1,0,0,0,1,0,0,1,0,9.546098067659527,9.61573881119536,0.067271151410094
Others,HD LED,24,7490,12990,Android,3.0,0,1,0,0,0,0,1,0,1,0,8.921324076511265,9.471935109664646,0.42340261739799845
Others,Full HD LED,32,16799,17999,Android,2.6,0,1,0,0,0,1,0,0,1,0,9.729074639810214,9.798071479779479,0.06667037057614313
Others,Ultra HD LED,50,43999,49999,Android,4.3,0,1,0,0,0,0,0,1,1,0,10.691922185369403,10.81975828421028,0.12000240004800096
Others,Ultra HD LED,55,84990,99900,Android,4.8,0,1,0,0,0,0,0,1,1,0,11.350288881492672,11.511924964636645,0.14924924924924926
Others,Ultra HD LED,65,66999,69999,Android,4.3,0,1,0,0,0,0,0,1,1,0,11.112432972888584,11.156236235215168,0.0428577551107873
Others,Ultra HD LED,55,62899,69900,Android,4.6,0,1,0,0,0,0,0,1,1,0,11.04928554431096,11.154820928221902,0.10015736766809728
Others,HD LED,24,8359,13490,Android,4.2,0,1,0,0,0,0,1,0,1,0,9.031094081699155,9.509703949201802,0.380355819125278
Others,HD LED,32,22990,22990,Android,4.7,0,1,0,0,0,0,1,0,1,0,10.042814617757227,10.042814617757227,0.0
Others,Ultra HD LED,43,33190,52900,Android,4.2,0,1,0,0,0,0,0,1,1,0,10.41000390471402,10.876158617846391,0.3725897920604915
Others,Full HD LED,32,56990,56990,Android,5.0,0,1,0,0,0,1,0,0,1,0,10.950631092829045,10.950631092829045,0.0
Others,Full HD LED,32,35990,35990,Android,4.7,0,1,0,0,0,1,0,0,1,0,10.490996401073076,10.490996401073076,0.0
Others,HD LED,39,14990,26349,Android,3.7,0,1,0,0,0,0,1,0,1,0,9.615138591096644,10.179185602585227,0.43109795438157045
Others,Ultra HD LED,43,30001,79900,not Android,4.3,0,1,0,0,0,0,0,1,0,1,10.308985993422082,11.288531131754366,0.6245181476846058
Others,Full HD LED,43,28999,35990,not Android,4.0,0,1,0,0,0,1,0,0,0,1,10.275016625615446,10.490996401073076,0.19424840233398166
Others,HD LED,32,18999,20990,not Android,4.0,0,1,0,0,0,0,1,0,0,1,9.85214162518454,9.951801412814678,0.09485469271081468
Others,Full HD LED,43,33459,36990,Android,4.5,0,1,0,0,0,1,0,0,1,0,10.418076087662646,10.5184028848265,0.09545823195458232
Others,Full HD LED,22,6649,12990,Android,3.9,0,1,0,0,0,1,0,0,1,0,8.802221746402456,9.471935109664646,0.488144726712856
Others,HD LED,32,11999,21999,not Android,4.3,0,1,0,0,0,0,1,0,0,1,9.392578591964389,9.998752276761909,0.4545661166416655
Others,Ultra HD LED,55,46999,69999,Android,4.3,0,1,0,0,0,0,0,1,1,0,10.757881603870102,11.156236235215168,0.32857612251603596
Others,Full HD LED,20,4849,8990,not Android,3.9,0,1,0,0,0,1,0,0,0,1,8.486527777105353,9.103868127465667,0.460622914349277
Others,Full HD LED,21,5200,9420,not Android,3.9,0,1,0,0,0,1,0,0,0,1,8.556413904569519,9.150590367570409,0.44798301486199577
Others,Full HD LED,24,5459,12000,not Android,3.9,0,1,0,0,0,1,0,0,0,1,8.605020901781758,9.392661928770137,0.5450833333333334
Others,HD LED,32,11290,16990,not Android,3.7,0,1,0,0,0,0,1,0,0,1,9.331672657143708,9.740380214665977,0.33549146556798115
Others,Full HD LED,40,27990,27990,Android,4.4,0,1,0,0,0,1,0,0,1,0,10.2396025825095,10.2396025825095,0.0
Others,Full HD LED,43,37990,37990,Android,3.9,0,1,0,0,0,1,0,0,1,0,10.54507824618167,10.54507824618167,0.0
Others,Ultra HD LED,43,40990,40990,Android,4.3,0,1,0,0,0,0,0,1,1,0,10.621083413498383,10.621083413498383,0.0
Others,Full HD LED,49,49990,49990,Android,4.4,0,1,0,0,0,1,0,0,1,0,10.819578264407616,10.819578264407616,0.0
Others,Ultra HD LED,65,116000,116000,not Android,4.5,0,1,0,0,0,0,0,1,0,1,11.661345470088502,11.661345470088502,0.0
Others,Full HD LED,40,16999,27000,not Android,4.4,0,1,0,0,0,1,0,0,0,1,9.74090979777877,10.203592144986466,0.3704074074074074
Others,Ultra HD LED,43,23999,46165,not Android,4.3,0,1,0,0,0,0,0,1,0,1,10.085767441795337,10.739977214206728,0.4801472977363804
Others,Ultra HD LED,50,26360,41990,not Android,4.4,0,1,0,0,0,0,0,1,0,1,10.179602988616443,10.645186773678239,0.37223148368659204
Others,HD LED,32,16499,18990,Android,3.9,0,1,0,0,0,0,1,0,1,0,9.711055051991444,9.85166780380633,0.13117430226434965
Others,Ultra HD LED,65,66999,84990,not Android,4.5,0,1,0,0,0,0,0,1,0,1,11.112432972888584,11.350288881492672,0.21168372749735262
TCL,HD LED,32,6166,19990,not Android,4.2,0,0,0,0,1,0,1,0,0,1,8.726805608446096,9.902987427494446,0.6915457728864433
TCL,HD LED,24,6940,15490,not Android,4.2,0,0,0,0,1,0,1,0,0,1,8.84505705350085,9.647949933410914,0.551969012265978
TCL,HD LED,40,8679,29990,not Android,4.0,0,0,0,0,1,0,1,0,0,1,9.068661593644245,10.308619271743055,0.7106035345115038
Others,HD LED,32,15990,22500,not Android,3.0,0,1,0,0,0,0,1,0,0,1,9.679718805828,10.021270588192511,0.28933333333333333
Others,HD LED,24,8220,14990,not Android,3.7,0,1,0,0,0,0,1,0,0,1,9.014325488050225,9.615138591096644,0.45163442294863243
Others,Ultra HD LED,43,30490,35350,not Android,4.1,0,1,0,0,0,0,0,1,0,1,10.3251540399823,10.473053671324719,0.13748231966053748
Others,Ultra HD LED,55,40999,53290,not Android,4.2,0,1,0,0,0,0,0,1,0,1,10.621302955145095,10.883503975290829,0.23064364796397072
Others,Ultra HD LED,55,49900,72590,not Android,4.3,0,1,0,0,0,0,0,1,0,1,10.81777628173961,11.192582450278886,0.31257749001239843
Others,Ultra HD LED,65,47999,70290,not Android,4.1,0,1,0,0,0,0,0,1,0,1,10.778935456339678,11.16038482016995,0.3171290368473467
Others,Full HD LED,49,25999,49999,Android,4.3,0,1,0,0,0,1,0,0,1,0,10.165813354725493,10.81975828421028,0.48000960019200384
SONY,Ultra HD LED,55,79290,109900,not Android,4.7,0,0,0,1,0,0,0,1,0,1,11.280867296266445,11.607326140391713,0.27852593266606007
SONY,Full HD LED,43,44900,44900,not Android,4.6,0,0,0,1,0,1,0,0,0,1,10.712193073730345,10.712193073730345,0.0
SONY,Ultra HD LED,65,118641,183249,not Android,4.7,0,0,0,1,0,0,0,1,0,1,11.68385740563671,12.118601162708087,0.35256945467642387
SONY,Ultra HD LED,50,83491,99913,not Android,4.7,0,0,0,1,0,0,0,1,0,1,11.33249412059865,11.512055086300585,0.16436299580635153
SONY,Full HD LED,43,53423,53423,not Android,4.4,0,0,0,1,0,1,0,0,0,1,10.885996643829152,10.885996643829152,0.0
SONY,Full HD LED,40,29999,49900,not Android,4.4,0,0,0,1,0,1,0,0,0,1,10.308919326755392,10.81777628173961,0.3988176352705411
SONY,HD LED,32,25990,31990,not Android,4.4,0,0,0,1,0,0,1,0,0,1,10.165467127635536,10.373178632943564,0.1875586120662707
SONY,Full HD LED,32,21223,33900,not Android,4.5,0,0,0,1,0,1,0,0,0,1,9.962840778235641,10.431170293368542,0.373952802359882
SONY,Ultra HD LED,49,54999,114900,not Android,4.6,0,0,0,1,0,0,0,1,0,1,10.915070282231135,11.651817463836847,0.5213315926892951
SONY,Full HD LED,43,44999,57900,not Android,4.4,0,0,0,1,0,1,0,0,0,1,10.714395546283317,10.966472663561087,0.22281519861830743
SONY,Full HD LED,40,41499,51900,not Android,4.6,0,0,0,1,0,1,0,0,0,1,10.633424609542924,10.85707406915398,0.20040462427745664
SONY,Ultra HD LED,65,149990,184990,not Android,4.3,0,0,0,1,0,0,0,1,0,1,11.918323904189405,12.128057048545434,0.18919941618465863
SONY,HD LED,32,32900,32900,not Android,4.4,0,0,0,1,0,0,1,0,0,1,10.401227936753463,10.401227936753463,0.0
SONY,Full HD LED,43,56900,56900,not Android,4.6,0,0,0,1,0,1,0,0,0,1,10.949050620114422,10.949050620114422,0.0
